"xAccel, yAccel, zAccel, xGyro, yGyro, zGyro, xMag, yMag, zMag"
-0.07 0.48 -0.89 1.46 1.22 -1.40 -22.94 37.17 52.75
-0.07 0.48 -0.89 1.46 1.22 -1.40 -22.94 37.17 52.75
-0.07 0.48 -0.89 1.34 1.10 -1.34 -22.92 36.87 52.84
-0.07 0.48 -0.89 1.34 1.10 -1.34 -22.92 36.87 52.84
-0.07 0.48 -0.89 1.34 1.10 -1.34 -22.92 36.87 52.84
-0.07 0.48 -0.89 1.22 0.92 -1.16 -22.92 36.87 52.84
-0.07 0.48 -0.89 1.22 0.92 -1.16 -22.92 36.87 52.84
-0.07 0.48 -0.89 1.22 0.92 -1.16 -22.92 36.87 52.84
-0.07 0.48 -0.89 0.98 0.79 -0.85 -22.92 36.87 52.84
-0.07 0.48 -0.89 0.98 0.79 -0.85 -22.92 36.87 52.84
-0.07 0.48 -0.89 0.98 0.79 -0.85 -22.92 36.87 52.84
-0.08 0.47 -0.89 1.10 0.79 -0.85 -22.92 36.87 52.84
-0.08 0.47 -0.89 1.10 0.79 -0.85 -22.92 36.87 52.84
-0.08 0.47 -0.89 1.10 0.79 -0.85 -22.92 36.87 52.84
-0.08 0.47 -0.89 1.10 0.79 -0.92 -22.92 36.87 52.84
-0.08 0.47 -0.89 1.10 0.79 -0.92 -22.92 36.87 52.84
-0.08 0.47 -0.89 1.10 0.79 -0.98 -22.92 36.87 52.84
-0.08 0.47 -0.89 1.16 0.67 -0.98 -22.92 36.87 52.84
-0.08 0.47 -0.89 1.16 0.67 -0.98 -22.92 36.87 52.84
-0.08 0.47 -0.89 1.16 0.73 -0.92 -23.50 36.89 54.15
-0.07 0.47 -0.89 1.16 0.73 -0.92 -23.50 36.89 54.15
-0.07 0.47 -0.89 1.16 0.73 -0.92 -23.50 36.89 54.15
-0.07 0.47 -0.89 1.10 0.67 -0.73 -23.50 36.89 54.15
-0.07 0.48 -0.89 1.10 0.67 -0.73 -23.50 36.89 54.15
-0.07 0.48 -0.89 1.10 0.67 -0.73 -23.50 36.89 54.15
-0.07 0.48 -0.89 1.04 0.79 -0.85 -23.50 36.89 54.15
-0.07 0.48 -0.89 1.04 0.79 -0.85 -23.50 36.89 54.15
-0.07 0.48 -0.89 1.04 0.79 -0.85 -23.50 36.89 54.15
-0.07 0.48 -0.89 1.04 0.92 -0.73 -23.50 36.89 54.15
-0.07 0.48 -0.89 1.04 0.92 -0.73 -23.50 36.89 54.15
-0.07 0.48 -0.89 1.04 0.92 -0.73 -23.50 36.89 54.15
-0.07 0.48 -0.89 1.04 0.79 -0.92 -23.50 36.89 54.15
-0.07 0.48 -0.89 1.04 0.79 -0.92 -23.50 36.89 54.15
-0.07 0.48 -0.89 1.04 0.79 -0.92 -23.50 36.89 54.15
-0.07 0.48 -0.89 1.04 0.79 -0.92 -23.50 36.89 54.15
-0.07 0.48 -0.89 1.04 0.79 -0.92 -23.50 36.89 54.15
-0.07 0.48 -0.89 0.98 0.73 -0.73 -23.03 36.68 54.20
-0.07 0.47 -0.89 0.98 0.73 -0.73 -23.03 36.68 54.20
-0.07 0.47 -0.89 0.98 0.73 -0.73 -23.03 36.68 54.20
-0.07 0.47 -0.89 0.92 0.67 -0.61 -23.03 36.68 54.20
-0.07 0.47 -0.89 0.92 0.67 -0.61 -23.03 36.68 54.20
-0.07 0.47 -0.89 0.92 0.67 -0.61 -23.03 36.68 54.20
-0.07 0.47 -0.89 1.10 0.73 -0.98 -23.03 36.68 54.20
-0.07 0.47 -0.89 1.10 0.73 -0.98 -23.03 36.68 54.20
-0.07 0.47 -0.89 1.10 0.73 -0.98 -23.03 36.68 54.20
-0.08 0.47 -0.89 1.04 0.73 -0.85 -23.03 36.68 54.20
-0.08 0.47 -0.89 1.04 0.73 -0.85 -23.03 36.68 54.20
-0.08 0.47 -0.89 1.04 0.73 -0.85 -23.03 36.68 54.20
-0.08 0.47 -0.89 1.04 0.85 -0.92 -23.03 36.68 54.20
-0.08 0.47 -0.89 1.04 0.85 -0.92 -23.03 36.68 54.20
-0.08 0.47 -0.89 1.04 0.85 -0.73 -23.03 36.68 54.20
-0.08 0.48 -0.89 1.04 0.73 -0.73 -23.03 36.68 54.20
-0.08 0.48 -0.89 1.04 0.73 -0.73 -22.88 36.62 54.19
-0.08 0.48 -0.89 1.04 0.79 -0.73 -22.88 36.62 54.19
-0.08 0.48 -0.88 1.04 0.79 -0.73 -22.88 36.62 54.19
-0.08 0.48 -0.88 1.04 0.79 -0.73 -22.88 36.62 54.19
-0.08 0.48 -0.88 0.98 0.73 -0.61 -22.88 36.62 54.19
-0.08 0.48 -0.88 0.98 0.73 -0.61 -22.88 36.62 54.19
-0.08 0.48 -0.88 0.98 0.73 -0.61 -22.88 36.62 54.19
-0.08 0.48 -0.89 0.85 0.73 -0.73 -22.88 36.62 54.19
-0.08 0.48 -0.89 0.85 0.73 -0.73 -22.88 36.62 54.19
-0.08 0.48 -0.89 0.85 0.73 -0.73 -22.88 36.62 54.19
-0.08 0.47 -0.89 0.92 0.67 -0.85 -22.88 36.62 54.19
-0.08 0.47 -0.89 0.92 0.67 -0.85 -22.88 36.62 54.19
-0.08 0.47 -0.89 0.92 0.67 -0.85 -22.88 36.62 54.19
-0.08 0.47 -0.89 1.10 0.73 -0.79 -22.88 36.62 54.19
-0.08 0.47 -0.89 1.10 0.73 -0.79 -22.88 36.62 54.19
-0.08 0.47 -0.89 1.10 0.73 -0.85 -22.88 36.62 54.19
-0.07 0.47 -0.89 0.98 0.73 -0.85 -22.88 36.62 54.19
-0.07 0.47 -0.89 0.98 0.73 -0.85 -23.29 36.99 54.70
-0.07 0.47 -0.89 1.10 0.73 -0.79 -23.29 36.99 54.70
-0.07 0.47 -0.89 1.10 0.73 -0.79 -23.29 36.99 54.70
-0.07 0.47 -0.89 1.10 0.73 -0.79 -23.29 36.99 54.70
-0.06 0.48 -0.89 1.04 0.79 -0.61 -23.29 36.99 54.70
-0.06 0.48 -0.89 1.04 0.79 -0.61 -23.29 36.99 54.70
-0.06 0.48 -0.89 1.04 0.79 -0.61 -23.29 36.99 54.70
-0.06 0.48 -0.89 1.16 0.73 -0.92 -23.29 36.99 54.70
-0.06 0.48 -0.89 1.16 0.73 -0.92 -23.29 36.99 54.70
-0.06 0.48 -0.89 1.16 0.73 -0.92 -23.29 36.99 54.70
-0.06 0.48 -0.89 1.10 0.67 -0.85 -23.29 36.99 54.70
-0.06 0.48 -0.89 1.10 0.67 -0.85 -23.29 36.99 54.70
-0.06 0.48 -0.89 1.10 0.67 -0.85 -23.29 36.99 54.70
-0.06 0.48 -0.89 1.10 0.79 -0.85 -23.29 36.99 54.70
-0.06 0.48 -0.89 1.10 0.79 -0.85 -23.29 36.99 54.70
-0.06 0.48 -0.89 1.10 0.79 -0.92 -23.29 36.99 54.70
-0.07 0.47 -0.89 0.92 0.79 -0.92 -23.29 36.99 54.70
-0.07 0.47 -0.89 0.92 0.79 -0.92 -22.89 37.11 53.63
-0.07 0.47 -0.89 1.04 0.98 -0.79 -22.89 37.11 53.63
-0.07 0.47 -0.89 1.04 0.98 -0.79 -22.89 37.11 53.63
-0.07 0.47 -0.89 1.04 0.98 -0.79 -22.89 37.11 53.63
-0.07 0.47 -0.89 1.04 0.67 -0.67 -22.89 37.11 53.63
-0.07 0.47 -0.89 1.04 0.67 -0.67 -22.89 37.11 53.63
-0.07 0.47 -0.89 1.04 0.67 -0.67 -22.89 37.11 53.63
-0.08 0.47 -0.89 1.10 0.73 -0.92 -22.89 37.11 53.63
-0.08 0.47 -0.89 1.10 0.73 -0.92 -22.89 37.11 53.63
-0.08 0.47 -0.89 1.10 0.73 -0.92 -22.89 37.11 53.63
-0.08 0.47 -0.89 1.22 0.79 -0.79 -22.89 37.11 53.63
-0.08 0.47 -0.89 1.22 0.79 -0.79 -22.89 37.11 53.63
-0.08 0.47 -0.89 1.22 0.79 -0.79 -22.89 37.11 53.63
-0.08 0.48 -0.89 1.16 0.55 -0.67 -22.89 37.11 53.63
-0.08 0.48 -0.89 1.16 0.55 -0.67 -22.89 37.11 53.63
-0.08 0.48 -0.89 1.16 0.67 -0.73 -22.89 37.11 53.63
-0.08 0.48 -0.89 1.10 0.67 -0.73 -23.07 37.18 54.13
-0.08 0.48 -0.89 1.10 0.67 -0.73 -23.07 37.18 54.13
-0.08 0.48 -0.89 1.10 0.73 -0.85 -23.07 37.18 54.13
-0.08 0.48 -0.88 1.10 0.73 -0.85 -23.07 37.18 54.13
-0.08 0.48 -0.88 1.10 0.73 -0.85 -23.07 37.18 54.13
-0.08 0.48 -0.89 1.04 0.67 -0.85 -23.07 37.18 54.13
-0.08 0.48 -0.89 1.04 0.67 -0.85 -23.07 37.18 54.13
-0.08 0.48 -0.89 1.04 0.67 -0.85 -23.07 37.18 54.13
-0.08 0.48 -0.89 0.98 0.73 -0.92 -23.07 37.18 54.13
-0.08 0.48 -0.89 0.98 0.73 -0.92 -23.07 37.18 54.13
-0.08 0.48 -0.89 0.98 0.73 -0.92 -23.07 37.18 54.13
-0.07 0.47 -0.89 1.16 0.92 -0.98 -23.07 37.18 54.13
-0.07 0.47 -0.89 1.16 0.92 -0.98 -23.07 37.18 54.13
-0.07 0.47 -0.89 1.16 0.92 -0.98 -23.07 37.18 54.13
-0.07 0.47 -0.89 1.22 0.67 -0.92 -23.07 37.18 54.13
-0.07 0.47 -0.89 1.22 0.67 -0.92 -23.07 37.18 54.13
-0.07 0.47 -0.89 1.16 0.73 -0.79 -23.07 37.18 54.13
-0.07 0.47 -0.89 1.16 0.73 -0.79 -22.77 37.06 53.75
-0.07 0.47 -0.89 1.16 0.73 -0.79 -22.77 37.06 53.75
-0.07 0.47 -0.89 1.28 1.04 -1.28 -22.89 36.91 54.47
-0.07 0.47 -0.89 1.40 1.16 -1.46 -22.89 36.91 54.47
-0.07 0.47 -0.89 1.40 1.16 -1.46 -22.89 36.91 54.47
-0.07 0.47 -0.89 1.40 1.16 -1.46 -22.89 36.91 54.47
-0.07 0.48 -0.89 1.53 1.04 -1.59 -22.89 36.91 54.47
-0.07 0.48 -0.89 1.53 1.04 -1.59 -22.89 36.91 54.47
-0.07 0.48 -0.89 1.53 1.04 -1.53 -22.89 36.91 54.47
-0.07 0.48 -0.89 1.22 1.04 -1.53 -22.89 36.91 54.47
-0.07 0.48 -0.89 1.22 1.04 -1.53 -22.89 36.91 54.47
-0.07 0.48 -0.89 1.16 1.10 -1.34 -22.89 36.91 54.47
-0.07 0.48 -0.89 1.16 1.10 -1.34 -22.89 36.91 54.47
-0.07 0.48 -0.89 1.16 1.10 -1.34 -22.89 36.91 54.47
-0.07 0.48 -0.89 1.28 1.04 -1.28 -22.52 36.39 53.80
-0.07 0.48 -0.89 1.28 1.04 -1.28 -22.52 36.39 53.80
-0.07 0.48 -0.89 1.28 1.04 -1.28 -22.52 36.39 53.80
-0.07 0.48 -0.89 1.10 0.73 -1.04 -22.52 36.39 53.80
-0.07 0.48 -0.89 1.10 0.73 -1.04 -22.52 36.39 53.80
-0.07 0.48 -0.89 1.10 0.73 -1.04 -22.52 36.39 53.80
-0.07 0.48 -0.89 1.04 0.85 -0.92 -22.52 36.39 53.80
-0.07 0.48 -0.89 1.04 0.85 -0.92 -22.52 36.39 53.80
-0.07 0.48 -0.89 1.04 0.85 -0.92 -22.52 36.39 53.80
-0.07 0.47 -0.89 1.04 0.85 -0.98 -22.52 36.39 53.80
-0.07 0.47 -0.89 1.04 0.85 -0.98 -22.52 36.39 53.80
-0.07 0.47 -0.89 1.04 0.85 -0.98 -22.52 36.39 53.80
-0.07 0.47 -0.89 1.04 0.73 -0.92 -22.52 36.39 53.80
-0.07 0.47 -0.89 1.04 0.73 -0.92 -22.52 36.39 53.80
-0.07 0.47 -0.89 1.04 0.73 -0.92 -22.52 36.39 53.80
-0.07 0.47 -0.89 0.98 0.67 -0.92 -22.52 36.39 53.80
-0.07 0.47 -0.89 0.98 0.67 -0.92 -22.52 36.39 52.66
-0.07 0.47 -0.89 0.98 0.49 -0.79 -23.14 36.17 52.66
-0.07 0.48 -0.89 1.16 0.49 -0.79 -23.14 36.17 52.66
-0.07 0.48 -0.89 1.16 0.49 -0.79 -23.14 36.17 52.66
-0.07 0.48 -0.89 0.92 0.55 -0.67 -23.14 36.17 52.66
-0.07 0.48 -0.89 0.92 0.55 -0.67 -23.14 36.17 52.66
-0.07 0.48 -0.89 0.92 0.55 -0.67 -23.14 36.17 52.66
-0.07 0.48 -0.89 1.16 0.73 -0.92 -23.14 36.17 52.66
-0.07 0.48 -0.89 1.16 0.73 -0.92 -23.14 36.17 52.66
-0.07 0.48 -0.89 1.16 0.73 -0.92 -23.14 36.17 52.66
-0.07 0.48 -0.89 1.22 0.79 -0.85 -23.14 36.17 52.66
-0.07 0.48 -0.89 1.22 0.79 -0.85 -23.14 36.17 52.66
-0.07 0.48 -0.89 1.22 0.79 -0.85 -23.14 36.17 52.66
-0.07 0.48 -0.89 1.10 0.61 -0.85 -23.14 36.17 52.66
-0.07 0.48 -0.89 1.10 0.61 -0.85 -23.14 36.17 52.66
-0.07 0.48 -0.89 1.10 0.61 -0.85 -23.14 36.17 52.66
-0.07 0.47 -0.89 0.98 0.73 -1.04 -23.14 36.17 52.66
-0.07 0.47 -0.89 0.98 0.73 -1.04 -23.36 35.90 52.29
-0.07 0.47 -0.89 0.98 0.73 -1.04 -23.36 35.90 52.29
-0.07 0.47 -0.89 0.85 0.79 -0.92 -23.36 35.90 52.29
-0.07 0.47 -0.89 0.85 0.79 -0.92 -23.36 35.90 52.29
-0.07 0.47 -0.89 0.85 0.79 -0.79 -23.36 35.90 52.29
-0.07 0.47 -0.89 0.98 0.85 -0.79 -23.36 35.90 52.29
-0.07 0.47 -0.89 0.98 0.85 -0.79 -23.36 35.90 52.29
-0.07 0.47 -0.89 1.16 0.85 -0.79 -23.36 35.90 52.29
-0.07 0.47 -0.89 1.16 0.85 -0.79 -23.36 35.90 52.29
-0.07 0.47 -0.89 1.16 0.85 -0.79 -23.36 35.90 52.29
-0.07 0.47 -0.89 1.10 0.61 -0.85 -23.36 35.90 52.29
-0.07 0.48 -0.89 1.10 0.61 -0.85 -23.36 35.90 52.29
-0.07 0.48 -0.89 1.10 0.61 -0.85 -23.36 35.90 52.29
-0.07 0.48 -0.89 0.98 0.73 -0.85 -23.36 35.90 52.29
-0.07 0.48 -0.89 0.98 0.73 -0.85 -23.36 35.90 52.29
-0.07 0.48 -0.89 0.98 0.73 -0.85 -23.36 35.90 52.29
-0.07 0.48 -0.89 0.98 0.79 -0.85 -23.36 35.90 52.29
-0.07 0.48 -0.89 0.98 0.79 -0.85 -23.33 36.91 53.64
-0.07 0.48 -0.89 0.98 0.79 -0.85 -23.33 36.91 53.64
-0.07 0.48 -0.89 1.16 0.92 -0.73 -23.33 36.91 53.64
-0.07 0.48 -0.89 1.16 0.92 -0.73 -23.33 36.91 53.64
-0.07 0.48 -0.89 1.16 0.92 -0.73 -23.33 36.91 53.64
-0.07 0.48 -0.89 1.10 0.73 -0.73 -23.33 36.91 53.64
-0.07 0.48 -0.89 1.10 0.73 -0.73 -23.33 36.91 53.64
-0.07 0.48 -0.89 1.10 0.85 -0.98 -23.33 36.91 53.64
-0.07 0.47 -0.89 0.98 0.85 -0.98 -23.33 36.91 53.64
-0.07 0.47 -0.89 0.98 0.85 -0.98 -23.33 36.91 53.64
-0.07 0.47 -0.89 1.10 0.98 -0.98 -23.33 36.91 53.64
-0.07 0.47 -0.89 1.10 0.98 -0.98 -23.33 36.91 53.64
-0.07 0.47 -0.89 1.10 0.98 -0.98 -23.33 36.91 53.64
-0.07 0.47 -0.89 1.10 0.92 -0.98 -23.33 36.91 53.64
-0.07 0.47 -0.89 1.10 0.92 -0.98 -23.33 36.91 53.64
-0.07 0.47 -0.89 1.10 0.92 -0.98 -23.33 36.91 53.64
-0.07 0.47 -0.89 1.16 0.92 -0.98 -23.33 36.91 53.64
-0.07 0.47 -0.89 1.16 0.92 -0.98 -23.32 37.13 53.20
-0.07 0.47 -0.89 1.16 0.92 -0.98 -23.32 37.13 53.20
-0.07 0.48 -0.89 1.10 0.85 -0.73 -23.32 37.13 53.20
-0.07 0.48 -0.89 1.10 0.85 -0.73 -23.32 37.13 53.20
-0.07 0.48 -0.89 1.10 0.85 -0.73 -23.32 37.13 53.20
-0.07 0.48 -0.89 0.98 0.92 -0.61 -23.32 37.13 53.20
-0.07 0.48 -0.89 0.98 0.92 -0.61 -23.32 37.13 53.20
-0.07 0.48 -0.89 0.98 0.92 -0.61 -23.32 37.13 53.20
-0.07 0.48 -0.89 0.98 0.85 -0.92 -23.32 37.13 53.20
-0.07 0.48 -0.89 0.98 0.85 -0.92 -23.32 37.13 53.20
-0.07 0.48 -0.89 0.98 0.85 -0.92 -23.32 37.13 53.20
-0.07 0.48 -0.89 1.04 0.79 -0.98 -23.32 37.13 53.20
-0.07 0.48 -0.89 1.04 0.79 -0.98 -23.32 37.13 53.20
-0.07 0.48 -0.89 1.04 0.85 -0.92 -23.32 37.13 53.20
-0.07 0.48 -0.89 1.10 0.85 -0.92 -23.32 37.13 53.20
-0.07 0.48 -0.89 1.10 0.85 -0.92 -23.32 37.13 53.20
-0.07 0.48 -0.89 1.10 0.98 -0.85 -23.32 37.13 53.20
-0.07 0.47 -0.89 1.10 0.98 -0.85 -23.16 36.24 53.83
-0.07 0.47 -0.89 1.10 0.98 -0.85 -23.16 36.24 53.83
-0.07 0.47 -0.89 1.16 0.85 -0.85 -23.16 36.24 53.83
-0.07 0.47 -0.89 1.16 0.85 -0.85 -23.16 36.24 53.83
-0.07 0.47 -0.89 1.16 0.85 -0.85 -23.16 36.24 53.83
-0.07 0.47 -0.89 1.22 0.79 -0.79 -23.16 36.24 53.83
-0.07 0.47 -0.89 1.22 0.79 -0.79 -23.16 36.24 53.83
-0.07 0.47 -0.89 1.22 0.79 -0.79 -23.16 36.24 53.83
-0.07 0.47 -0.89 1.28 0.67 -0.98 -23.16 36.24 53.83
-0.07 0.47 -0.89 1.28 0.67 -0.98 -23.16 36.24 53.83
-0.07 0.47 -0.89 1.28 0.67 -0.98 -23.16 36.24 53.83
-0.07 0.48 -0.89 1.04 0.79 -1.04 -23.16 36.24 53.83
-0.07 0.48 -0.89 1.04 0.79 -1.04 -23.16 36.24 53.83
-0.07 0.48 -0.89 1.04 0.79 -1.04 -23.16 36.24 53.83
-0.07 0.48 -0.88 1.16 0.79 -0.98 -23.16 36.24 53.83
-0.07 0.48 -0.88 1.16 0.79 -0.98 -23.16 36.24 53.83
-0.07 0.48 -0.88 1.16 0.79 -0.92 -23.16 36.24 53.83
-0.07 0.48 -0.88 0.98 0.85 -0.92 -22.94 36.79 53.47
-0.07 0.48 -0.88 0.98 0.85 -0.92 -22.94 36.79 53.47
-0.07 0.48 -0.88 0.98 0.73 -0.73 -22.94 36.79 53.47
-0.07 0.48 -0.89 0.92 0.73 -0.73 -22.94 36.79 53.47
-0.07 0.48 -0.89 0.92 0.73 -0.73 -22.94 36.79 53.47
-0.07 0.48 -0.89 0.98 0.79 -0.73 -22.94 36.79 53.47
-0.07 0.47 -0.89 0.98 0.79 -0.73 -22.94 36.79 53.47
-0.07 0.47 -0.89 0.98 0.79 -0.73 -22.94 36.79 53.47
-0.07 0.47 -0.89 1.04 0.79 -0.92 -22.94 36.79 53.47
-0.07 0.47 -0.89 1.04 0.79 -0.92 -22.94 36.79 53.47
-0.07 0.47 -0.89 1.04 0.79 -0.92 -22.94 36.79 53.47
-0.07 0.47 -0.89 0.79 0.85 -0.85 -22.94 36.79 53.47
-0.07 0.47 -0.89 0.79 0.85 -0.85 -22.94 36.79 53.47
-0.07 0.47 -0.89 0.79 0.85 -0.85 -22.94 36.79 53.47
-0.07 0.47 -0.89 0.98 0.85 -0.92 -22.94 36.79 53.47
-0.07 0.47 -0.89 0.98 0.85 -0.92 -22.94 36.79 53.47
-0.07 0.47 -0.89 0.98 0.85 -0.92 -22.94 36.79 53.47
-0.07 0.48 -0.89 1.10 0.79 -0.79 -23.22 36.68 54.16
-0.07 0.48 -0.89 1.10 0.79 -0.79 -23.22 36.68 54.16
-0.07 0.48 -0.89 1.10 0.79 -0.79 -23.22 36.68 54.16
-0.07 0.48 -0.89 0.98 0.61 -0.79 -23.22 36.68 54.16
-0.07 0.48 -0.89 0.98 0.61 -0.79 -23.22 36.68 54.16
-0.07 0.48 -0.89 0.98 0.61 -0.79 -23.22 36.68 54.16
-0.07 0.48 -0.89 1.04 0.92 -0.79 -23.22 36.68 54.16
-0.07 0.48 -0.89 1.04 0.92 -0.79 -23.22 36.68 54.16
-0.07 0.48 -0.89 0.92 0.85 -0.98 -23.22 36.68 54.16
-0.07 0.48 -0.89 0.92 0.85 -0.98 -23.22 36.68 54.16
-0.07 0.48 -0.89 0.92 0.85 -0.98 -23.22 36.68 54.16
-0.07 0.48 -0.89 0.92 0.73 -0.98 -23.22 36.68 54.16
-0.07 0.48 -0.89 0.92 0.73 -0.98 -23.22 36.68 54.16
-0.07 0.48 -0.89 0.92 0.73 -0.98 -23.22 36.68 54.16
-0.07 0.47 -0.89 1.04 0.85 -0.92 -23.22 36.68 54.16
-0.07 0.47 -0.89 1.04 0.85 -0.92 -23.22 36.68 54.16
-0.07 0.47 -0.89 1.04 0.85 -0.92 -23.22 36.68 54.16
-0.07 0.47 -0.89 1.16 0.73 -0.79 -23.06 36.98 53.55
-0.07 0.47 -0.89 1.16 0.73 -0.79 -23.06 36.98 53.55
-0.07 0.47 -0.89 1.16 0.73 -0.79 -23.06 36.98 53.55
-0.07 0.47 -0.89 1.04 0.55 -0.85 -23.06 36.98 53.55
-0.07 0.47 -0.89 1.04 0.55 -0.85 -23.06 36.98 53.55
-0.07 0.47 -0.89 1.04 0.55 -0.85 -23.06 36.98 53.55
-0.07 0.48 -0.89 1.04 0.67 -1.04 -23.06 36.98 53.55
-0.07 0.48 -0.89 1.04 0.67 -1.04 -23.06 36.98 53.55
-0.07 0.48 -0.89 1.04 0.67 -1.04 -23.06 36.98 53.55
-0.07 0.48 -0.89 1.10 0.73 -1.04 -23.06 36.98 53.55
-0.07 0.48 -0.89 1.10 0.73 -1.04 -23.06 36.98 53.55
-0.07 0.48 -0.89 1.10 0.73 -0.85 -23.06 36.98 53.55
-0.07 0.48 -0.89 0.98 0.73 -0.85 -23.06 36.98 53.55
-0.07 0.48 -0.89 0.98 0.73 -0.85 -23.06 36.98 53.55
-0.07 0.48 -0.89 1.10 0.73 -0.98 -23.06 36.98 53.55
-0.07 0.48 -0.89 1.10 0.73 -0.98 -23.06 36.98 53.55
-0.07 0.48 -0.89 1.10 0.73 -0.98 -23.18 36.62 53.16
-0.07 0.48 -0.89 0.98 0.73 -0.92 -23.18 36.62 53.16
-0.07 0.48 -0.89 0.98 0.73 -0.92 -23.18 36.62 53.16
-0.07 0.48 -0.89 0.98 0.73 -0.92 -23.18 36.62 53.16
-0.07 0.48 -0.89 0.92 0.79 -0.67 -23.18 36.62 53.16
-0.07 0.48 -0.89 0.92 0.79 -0.67 -23.18 36.62 53.16
-0.07 0.48 -0.89 0.92 0.79 -0.67 -23.18 36.62 53.16
-0.07 0.47 -0.89 1.10 0.79 -0.98 -23.18 36.62 53.16
-0.07 0.47 -0.89 1.10 0.79 -0.98 -23.18 36.62 53.16
-0.07 0.47 -0.89 1.10 0.79 -0.98 -23.18 36.62 53.16
-0.07 0.47 -0.89 0.92 0.73 -0.92 -23.18 36.62 53.16
-0.07 0.47 -0.89 0.92 0.73 -0.92 -23.18 36.62 53.16
-0.07 0.47 -0.89 0.92 0.73 -0.92 -23.18 36.62 53.16
-0.07 0.47 -0.89 1.04 0.67 -0.98 -23.18 36.62 53.16
-0.07 0.47 -0.89 1.04 0.67 -0.98 -23.18 36.62 53.16
-0.07 0.47 -0.89 1.04 0.67 -0.92 -23.18 36.62 53.16
-0.07 0.48 -0.89 1.10 0.73 -0.92 -23.18 36.62 53.16
-0.07 0.48 -0.89 1.10 0.73 -0.92 -22.89 36.79 54.06
-0.07 0.48 -0.89 1.04 0.79 -0.79 -22.89 36.79 54.06
-0.07 0.48 -0.89 1.04 0.79 -0.79 -22.89 36.79 54.06
-0.07 0.48 -0.89 1.04 0.79 -0.79 -22.89 36.79 54.06
-0.07 0.48 -0.89 1.04 0.61 -0.55 -22.89 36.79 54.06
-0.07 0.48 -0.89 1.04 0.61 -0.55 -22.89 36.79 54.06
-0.07 0.48 -0.89 1.04 0.61 -0.55 -22.89 36.79 54.06
-0.07 0.48 -0.89 1.04 0.67 -0.92 -22.89 36.79 54.06
-0.07 0.48 -0.89 1.04 0.67 -0.92 -22.89 36.79 54.06
-0.07 0.48 -0.89 1.04 0.67 -0.92 -22.89 36.79 54.06
-0.07 0.48 -0.89 1.04 0.73 -0.92 -22.89 36.79 54.06
-0.07 0.48 -0.89 1.04 0.73 -0.92 -22.89 36.79 54.06
-0.07 0.48 -0.89 1.04 0.73 -0.92 -22.89 36.79 54.06
-0.07 0.47 -0.89 1.10 0.61 -0.85 -22.89 36.79 54.06
-0.07 0.47 -0.89 1.10 0.61 -0.85 -22.89 36.79 54.06
-0.07 0.47 -0.89 1.10 0.61 -0.85 -22.89 36.79 54.06
-0.07 0.47 -0.89 1.22 0.67 -0.79 -22.89 36.79 54.06
-0.07 0.47 -0.89 1.22 0.67 -0.79 -23.14 36.25 54.52
-0.07 0.47 -0.89 1.22 0.67 -0.92 -23.14 36.25 54.52
-0.07 0.47 -0.89 1.10 0.79 -0.92 -23.14 36.25 54.52
-0.07 0.47 -0.89 1.10 0.79 -0.92 -23.14 36.25 54.52
-0.07 0.47 -0.89 1.10 0.61 -0.67 -23.14 36.25 54.52
-0.07 0.47 -0.89 1.04 0.61 -0.67 -23.14 36.25 54.52
-0.07 0.47 -0.89 1.04 0.61 -0.67 -23.14 36.25 54.52
-0.07 0.47 -0.89 1.10 0.73 -0.85 -23.14 36.25 54.52
-0.07 0.48 -0.89 1.10 0.73 -0.85 -23.14 36.25 54.52
-0.07 0.48 -0.89 1.10 0.73 -0.85 -23.14 36.25 54.52
-0.07 0.48 -0.89 0.98 0.73 -0.85 -23.14 36.25 54.52
-0.07 0.48 -0.89 0.98 0.73 -0.85 -23.14 36.25 54.52
-0.07 0.48 -0.89 0.98 0.73 -0.85 -23.14 36.25 54.52
-0.07 0.48 -0.89 0.98 0.79 -0.79 -23.14 36.25 54.52
-0.07 0.48 -0.89 0.98 0.79 -0.79 -23.14 36.25 54.52
-0.07 0.48 -0.89 0.98 0.79 -0.79 -23.14 36.25 54.52
-0.07 0.48 -0.89 1.04 0.85 -0.73 -23.14 36.25 54.52
-0.07 0.48 -0.89 1.04 0.85 -0.73 -23.40 37.06 53.75
-0.07 0.48 -0.89 1.04 0.85 -0.73 -23.40 37.06 53.75
-0.07 0.48 -0.89 1.16 0.73 -0.61 -23.40 37.06 53.75
-0.07 0.48 -0.89 1.16 0.73 -0.61 -23.40 37.06 53.75
-0.07 0.48 -0.89 1.16 0.73 -0.67 -23.40 37.06 53.75
-0.07 0.48 -0.88 0.92 0.85 -0.67 -23.40 37.06 53.75
-0.07 0.48 -0.88 0.92 0.85 -0.67 -23.40 37.06 53.75
-0.07 0.48 -0.88 0.92 0.79 -0.85 -23.40 37.06 53.75
-0.07 0.47 -0.89 0.92 0.79 -0.85 -23.40 37.06 53.75
-0.07 0.47 -0.89 0.92 0.79 -0.85 -23.40 37.06 53.75
-0.07 0.47 -0.89 1.04 0.67 -0.98 -23.40 37.06 53.75
-0.07 0.47 -0.89 1.04 0.67 -0.98 -23.40 37.06 53.75
-0.07 0.47 -0.89 1.04 0.67 -0.98 -23.40 37.06 53.75
-0.07 0.48 -0.89 0.92 0.61 -0.92 -23.40 37.06 53.75
-0.07 0.48 -0.89 0.92 0.61 -0.92 -23.40 37.06 53.75
-0.07 0.48 -0.89 0.92 0.61 -0.92 -23.40 37.06 53.75
-0.07 0.48 -0.89 0.92 0.61 -0.92 -23.40 37.06 53.75
-0.07 0.48 -0.89 0.92 0.61 -0.92 -22.89 36.93 53.91
-0.07 0.48 -0.89 0.92 0.61 -0.92 -22.89 36.93 53.91
-0.07 0.48 -0.89 0.92 0.73 -0.92 -22.89 36.93 53.91
-0.07 0.48 -0.89 0.92 0.73 -0.92 -22.89 36.93 53.91
-0.07 0.48 -0.89 0.92 0.73 -0.92 -22.89 36.93 53.91
-0.07 0.48 -0.89 1.04 0.67 -0.79 -22.89 36.93 53.91
-0.07 0.48 -0.89 1.04 0.67 -0.79 -22.89 36.93 53.91
-0.07 0.48 -0.89 1.04 0.67 -0.79 -22.89 36.93 53.91
-0.07 0.48 -0.89 0.92 0.79 -0.98 -22.89 36.93 53.91
-0.07 0.48 -0.89 0.92 0.79 -0.98 -22.89 36.93 53.91
-0.07 0.48 -0.89 0.92 0.79 -0.92 -22.89 36.93 53.91
-0.07 0.47 -0.89 1.04 0.73 -0.92 -22.89 36.93 53.91
-0.07 0.47 -0.89 1.04 0.73 -0.92 -22.89 36.93 53.91
-0.07 0.47 -0.89 1.10 0.73 -1.04 -22.89 36.93 53.91
-0.07 0.47 -0.89 1.10 0.73 -1.04 -22.89 36.93 53.91
-0.07 0.47 -0.89 1.10 0.73 -1.04 -22.89 36.93 53.91
-0.07 0.47 -0.89 1.10 0.67 -0.85 -22.89 36.93 53.91
-0.07 0.47 -0.89 1.10 0.67 -0.85 -23.02 36.87 54.14
-0.07 0.47 -0.89 1.10 0.67 -0.85 -23.02 36.87 54.14
-0.07 0.47 -0.89 1.16 0.73 -0.79 -23.02 36.87 54.14
-0.07 0.47 -0.89 1.16 0.73 -0.79 -23.02 36.87 54.14
-0.07 0.47 -0.89 1.16 0.73 -0.79 -23.02 36.87 54.14
-0.07 0.48 -0.89 0.92 0.49 -0.79 -23.02 36.87 54.14
-0.07 0.48 -0.89 0.92 0.49 -0.79 -23.02 36.87 54.14
-0.07 0.48 -0.89 0.92 0.49 -0.79 -23.02 36.87 54.14
-0.07 0.48 -0.88 1.10 0.67 -0.85 -23.02 36.87 54.14
-0.07 0.48 -0.88 1.10 0.67 -0.85 -23.02 36.87 54.14
-0.07 0.48 -0.88 1.10 0.67 -0.85 -23.02 36.87 54.14
-0.07 0.48 -0.89 0.98 0.79 -0.79 -23.02 36.87 54.14
-0.07 0.48 -0.89 0.98 0.79 -0.79 -23.02 36.87 54.14
-0.07 0.48 -0.89 0.98 0.79 -0.79 -23.02 36.87 54.14
-0.07 0.48 -0.89 0.98 0.61 -0.79 -23.02 36.87 54.14
-0.07 0.48 -0.89 0.98 0.61 -0.79 -23.02 36.87 54.14
-0.07 0.48 -0.89 0.98 0.79 -0.85 -23.02 36.87 52.88
-0.07 0.48 -0.89 0.85 0.79 -0.85 -23.10 36.69 52.88
-0.07 0.48 -0.89 0.85 0.79 -0.85 -23.10 36.69 52.88
-0.07 0.48 -0.89 0.85 0.79 -0.55 -23.10 36.69 52.88
-0.07 0.48 -0.89 0.85 0.79 -0.55 -23.10 36.69 52.88
-0.07 0.48 -0.89 0.85 0.79 -0.55 -23.10 36.69 52.88
-0.07 0.47 -0.89 0.85 0.73 -0.73 -23.10 36.69 52.88
-0.07 0.47 -0.89 0.85 0.73 -0.73 -23.10 36.69 52.88
-0.07 0.47 -0.89 0.85 0.73 -0.73 -23.10 36.69 52.88
-0.07 0.47 -0.89 0.92 0.73 -0.73 -23.10 36.69 52.88
-0.07 0.47 -0.89 0.92 0.73 -0.73 -23.10 36.69 52.88
-0.07 0.47 -0.89 0.92 0.73 -0.73 -23.10 36.69 52.88
-0.07 0.47 -0.89 0.98 0.67 -0.85 -23.10 36.69 52.88
-0.07 0.47 -0.89 0.98 0.67 -0.85 -23.10 36.69 52.88
-0.07 0.47 -0.89 0.98 0.67 -0.85 -23.10 36.69 52.88
-0.07 0.48 -0.89 1.04 0.61 -0.85 -23.10 36.69 52.88
-0.07 0.48 -0.89 1.04 0.61 -0.85 -23.10 36.69 52.88
-0.07 0.48 -0.89 1.04 0.61 -0.85 -23.10 36.94 53.72
-0.07 0.48 -0.89 0.85 0.67 -0.98 -22.96 36.94 53.72
-0.07 0.48 -0.89 0.85 0.67 -0.98 -22.96 36.94 53.72
-0.07 0.48 -0.89 0.85 0.67 -0.98 -22.96 36.94 53.72
-0.07 0.48 -0.89 0.85 0.61 -0.73 -22.96 36.94 53.72
-0.07 0.48 -0.89 0.85 0.61 -0.73 -22.96 36.94 53.72
-0.07 0.48 -0.89 0.85 0.73 -0.85 -22.96 36.94 53.72
-0.07 0.48 -0.89 1.10 0.73 -0.85 -22.96 36.94 53.72
-0.07 0.48 -0.89 1.10 0.73 -0.85 -22.96 36.94 53.72
-0.07 0.48 -0.89 0.98 0.79 -0.79 -22.96 36.94 53.72
-0.07 0.48 -0.89 0.98 0.79 -0.79 -22.96 36.94 53.72
-0.07 0.48 -0.89 0.98 0.79 -0.79 -22.96 36.94 53.72
-0.07 0.47 -0.89 1.10 0.73 -0.98 -22.96 36.94 53.72
-0.07 0.47 -0.89 1.10 0.73 -0.98 -22.96 36.94 53.72
-0.07 0.47 -0.89 1.10 0.73 -0.98 -22.96 36.94 53.72
-0.07 0.47 -0.89 1.10 0.79 -0.79 -22.96 36.94 53.72
-0.07 0.47 -0.89 1.10 0.79 -0.79 -22.96 36.94 53.72
-0.07 0.47 -0.89 1.10 0.79 -0.79 -22.78 36.52 52.89
-0.07 0.47 -0.89 1.10 0.67 -0.79 -22.78 36.52 52.89
-0.07 0.47 -0.89 1.10 0.67 -0.79 -22.78 36.52 52.89
-0.07 0.47 -0.89 1.10 0.67 -0.79 -22.78 36.52 52.89
-0.07 0.47 -0.89 1.04 0.67 -0.73 -22.78 36.52 52.89
-0.07 0.47 -0.89 1.04 0.67 -0.73 -22.78 36.52 52.89
-0.07 0.47 -0.89 1.04 0.67 -0.85 -22.78 36.52 52.89
-0.07 0.48 -0.89 1.10 0.67 -0.85 -22.78 36.52 52.89
-0.07 0.48 -0.89 1.10 0.67 -0.85 -22.78 36.52 52.89
-0.07 0.48 -0.89 0.98 0.85 -0.92 -22.78 36.52 52.89
-0.07 0.48 -0.88 0.98 0.85 -0.92 -22.78 36.52 52.89
-0.07 0.48 -0.88 0.98 0.85 -0.92 -22.78 36.52 52.89
-0.07 0.48 -0.88 0.98 0.92 -0.79 -22.78 36.52 52.89
-0.07 0.48 -0.88 0.98 0.92 -0.79 -22.78 36.52 52.89
-0.07 0.48 -0.88 0.98 0.92 -0.79 -22.78 36.52 52.89
-0.07 0.48 -0.89 1.04 0.92 -0.85 -22.78 36.52 52.89
-0.07 0.48 -0.89 1.04 0.92 -0.85 -22.78 36.52 52.89
-0.07 0.48 -0.89 1.04 0.92 -0.85 -22.53 36.61 53.94
-0.07 0.47 -0.89 1.04 0.85 -0.85 -22.53 36.61 53.94
-0.07 0.47 -0.89 1.04 0.85 -0.85 -22.53 36.61 53.94
-0.07 0.47 -0.89 1.04 0.85 -0.85 -22.53 36.61 53.94
-0.07 0.47 -0.89 1.10 0.55 -0.79 -22.53 36.61 53.94
-0.07 0.47 -0.89 1.10 0.55 -0.79 -22.53 36.61 53.94
-0.07 0.47 -0.89 1.10 0.55 -0.79 -22.53 36.61 53.94
-0.07 0.47 -0.89 0.92 0.73 -0.92 -22.53 36.61 53.94
-0.07 0.47 -0.89 0.92 0.73 -0.92 -22.53 36.61 53.94
-0.07 0.47 -0.89 0.92 0.73 -0.92 -22.53 36.61 53.94
-0.07 0.47 -0.89 0.92 0.79 -0.85 -22.53 36.61 53.94
-0.07 0.47 -0.89 0.92 0.79 -0.85 -22.53 36.61 53.94
-0.07 0.47 -0.89 0.85 0.79 -0.85 -22.53 36.61 53.94
-0.07 0.48 -0.89 0.85 0.79 -0.85 -22.53 36.61 53.94
-0.07 0.48 -0.89 0.85 0.79 -0.85 -22.53 36.61 53.94
-0.07 0.48 -0.89 0.98 0.85 -1.04 -22.53 36.61 53.94
-0.07 0.48 -0.89 0.98 0.85 -1.04 -22.53 36.61 53.94
-0.07 0.48 -0.89 0.98 0.85 -1.04 -22.95 36.91 53.19
-0.07 0.48 -0.89 1.04 0.67 -1.10 -22.95 36.91 53.19
-0.07 0.48 -0.89 1.04 0.67 -1.10 -22.95 36.91 53.19
-0.07 0.48 -0.89 1.04 0.67 -1.10 -22.95 36.91 53.19
-0.07 0.48 -0.89 1.16 0.61 -0.61 -22.95 36.91 53.19
-0.07 0.48 -0.89 1.16 0.61 -0.61 -22.95 36.91 53.19
-0.07 0.48 -0.89 1.16 0.61 -0.61 -22.95 36.91 53.19
-0.07 0.48 -0.89 1.10 0.79 -0.85 -22.95 36.91 53.19
-0.07 0.48 -0.89 1.10 0.79 -0.85 -22.95 36.91 53.19
-0.07 0.48 -0.89 1.10 0.79 -0.85 -22.95 36.91 53.19
-0.07 0.47 -0.89 0.98 0.79 -0.92 -22.95 36.91 53.19
-0.07 0.47 -0.89 0.98 0.79 -0.92 -22.95 36.91 53.19
-0.07 0.47 -0.89 0.98 0.79 -0.92 -22.95 36.91 53.19
-0.07 0.47 -0.89 1.10 0.73 -0.79 -22.95 36.91 53.19
-0.07 0.47 -0.89 1.10 0.73 -0.79 -22.95 36.91 53.19
-0.07 0.47 -0.89 1.10 0.73 -0.85 -22.95 36.91 53.19
-0.07 0.47 -0.89 1.10 0.79 -0.85 -22.95 36.91 53.19
-0.07 0.47 -0.89 1.10 0.79 -0.85 -23.21 37.11 53.39
-0.07 0.47 -0.89 1.04 0.73 -0.79 -23.21 37.11 53.39
-0.07 0.47 -0.89 1.04 0.73 -0.79 -23.21 37.11 53.39
-0.07 0.47 -0.89 1.04 0.73 -0.79 -23.21 37.11 53.39
-0.07 0.47 -0.89 0.98 0.67 -0.85 -23.21 37.11 53.39
-0.07 0.48 -0.89 0.98 0.67 -0.85 -23.21 37.11 53.39
-0.07 0.48 -0.89 0.98 0.67 -0.85 -23.21 37.11 53.39
-0.07 0.48 -0.88 1.16 0.61 -0.85 -23.21 37.11 53.39
-0.07 0.48 -0.88 1.16 0.61 -0.85 -23.21 37.11 53.39
-0.07 0.48 -0.88 1.16 0.61 -0.85 -23.21 37.11 53.39
-0.07 0.48 -0.89 1.16 0.67 -1.04 -23.21 37.11 53.39
-0.07 0.48 -0.89 1.16 0.67 -1.04 -23.21 37.11 53.39
-0.07 0.48 -0.89 1.16 0.67 -1.04 -23.21 37.11 53.39
-0.07 0.48 -0.89 1.04 0.73 -0.85 -23.21 37.11 53.39
-0.07 0.48 -0.89 1.04 0.73 -0.85 -23.21 37.11 53.39
-0.07 0.48 -0.89 1.04 0.73 -0.85 -23.21 37.11 53.39
-0.07 0.48 -0.89 0.79 0.85 -0.79 -23.21 36.82 52.92
-0.07 0.48 -0.89 0.79 0.85 -0.79 -23.36 36.82 52.92
-0.07 0.48 -0.89 0.79 0.79 -0.73 -23.36 36.82 52.92
-0.07 0.47 -0.89 0.85 0.79 -0.73 -23.36 36.82 52.92
-0.07 0.47 -0.89 0.85 0.79 -0.73 -23.36 36.82 52.92
-0.07 0.47 -0.89 0.92 0.73 -0.85 -23.36 36.82 52.92
-0.07 0.47 -0.89 0.92 0.73 -0.85 -23.36 36.82 52.92
-0.07 0.47 -0.89 0.92 0.73 -0.85 -23.36 36.82 52.92
-0.07 0.47 -0.89 1.04 0.67 -0.98 -23.36 36.82 52.92
-0.07 0.47 -0.89 1.04 0.67 -0.98 -23.36 36.82 52.92
-0.07 0.47 -0.89 1.04 0.67 -0.98 -23.36 36.82 52.92
-0.07 0.48 -0.89 1.10 0.79 -0.98 -23.36 36.82 52.92
-0.07 0.48 -0.89 1.10 0.79 -0.98 -23.36 36.82 52.92
-0.07 0.48 -0.89 1.10 0.79 -0.98 -23.36 36.82 52.92
-0.07 0.48 -0.89 1.10 0.85 -0.85 -23.36 36.82 52.92
-0.07 0.48 -0.89 1.10 0.85 -0.85 -23.36 36.82 52.92
-0.07 0.48 -0.89 1.10 0.85 -0.85 -23.36 36.82 52.92
-0.07 0.48 -0.89 1.10 0.92 -0.92 -23.23 37.05 54.39
-0.07 0.48 -0.89 1.10 0.92 -0.92 -23.23 37.05 54.39
-0.07 0.48 -0.89 1.10 0.92 -0.92 -23.23 37.05 54.39
-0.07 0.48 -0.89 0.98 0.73 -0.79 -23.23 37.05 54.39
-0.07 0.48 -0.89 0.98 0.73 -0.79 -23.23 37.05 54.39
-0.07 0.48 -0.89 0.98 0.73 -0.79 -23.23 37.05 54.39
-0.07 0.48 -0.89 1.10 0.67 -0.79 -23.23 37.05 54.39
-0.07 0.48 -0.89 1.10 0.67 -0.79 -23.23 37.05 54.39
-0.07 0.48 -0.89 0.98 0.73 -1.04 -23.23 37.05 54.39
-0.07 0.47 -0.89 0.98 0.73 -1.04 -23.23 37.05 54.39
-0.07 0.47 -0.89 0.98 0.73 -1.04 -23.23 37.05 54.39
-0.07 0.47 -0.89 0.98 0.79 -0.92 -23.23 37.05 54.39
-0.07 0.47 -0.89 0.98 0.79 -0.92 -23.23 37.05 54.39
-0.07 0.47 -0.89 0.98 0.79 -0.92 -23.23 37.05 54.39
-0.07 0.47 -0.89 0.98 0.92 -0.92 -23.23 37.05 54.39
-0.07 0.47 -0.89 0.98 0.92 -0.92 -23.23 37.05 54.39
-0.07 0.47 -0.89 0.98 0.92 -0.92 -23.23 37.05 54.39
-0.07 0.47 -0.89 0.98 0.85 -0.92 -22.95 36.83 53.81
-0.07 0.47 -0.89 0.98 0.85 -0.92 -22.95 36.83 53.81
-0.07 0.47 -0.89 0.98 0.85 -0.92 -22.95 36.83 53.81
-0.07 0.48 -0.89 1.04 0.73 -0.73 -22.95 36.83 53.81
-0.07 0.48 -0.89 1.04 0.73 -0.73 -22.95 36.83 53.81
-0.07 0.48 -0.89 1.04 0.73 -0.73 -22.95 36.83 53.81
-0.07 0.48 -0.88 0.92 0.79 -0.61 -22.95 36.83 53.81
-0.07 0.48 -0.88 0.92 0.79 -0.61 -22.95 36.83 53.81
-0.07 0.48 -0.88 0.92 0.79 -0.61 -22.95 36.83 53.81
-0.07 0.48 -0.89 0.98 0.73 -0.98 -22.95 36.83 53.81
-0.07 0.48 -0.89 0.98 0.73 -0.98 -22.95 36.83 53.81
-0.07 0.48 -0.89 0.98 0.79 -0.85 -22.95 36.83 53.81
-0.07 0.48 -0.89 0.98 0.79 -0.85 -22.95 36.83 53.81
-0.07 0.48 -0.89 0.98 0.79 -0.85 -22.95 36.83 53.81
-0.07 0.48 -0.89 0.92 0.67 -0.85 -22.95 36.83 53.81
-0.07 0.48 -0.89 0.92 0.67 -0.85 -22.95 36.83 53.81
-0.07 0.48 -0.89 0.92 0.67 -0.85 -22.95 36.83 53.81
-0.07 0.47 -0.89 0.98 0.79 -0.73 -23.07 36.95 54.21
-0.07 0.47 -0.89 0.98 0.79 -0.73 -23.07 36.95 54.21
-0.07 0.47 -0.89 0.98 0.79 -0.73 -23.07 36.95 54.21
-0.07 0.47 -0.89 0.98 0.73 -0.61 -23.07 36.95 54.21
-0.07 0.47 -0.89 0.98 0.73 -0.61 -23.07 36.95 54.21
-0.07 0.47 -0.89 0.98 0.73 -0.61 -23.07 36.95 54.21
-0.07 0.47 -0.89 0.98 0.61 -0.85 -23.07 36.95 54.21
-0.07 0.47 -0.89 0.98 0.61 -0.85 -23.07 36.95 54.21
-0.07 0.47 -0.89 0.98 0.61 -0.85 -23.07 36.95 54.21
-0.07 0.47 -0.89 1.04 0.73 -0.92 -23.07 36.95 54.21
-0.07 0.47 -0.89 1.04 0.73 -0.92 -23.07 36.95 54.21
-0.07 0.47 -0.89 1.04 0.73 -0.85 -23.07 36.95 54.21
-0.07 0.48 -0.89 0.98 0.73 -0.85 -23.07 36.95 54.21
-0.07 0.48 -0.89 0.98 0.73 -0.85 -23.07 36.95 54.21
-0.07 0.48 -0.89 0.98 0.79 -0.98 -23.07 36.95 54.21
-0.07 0.48 -0.89 1.10 0.79 -0.98 -23.07 36.95 54.21
-0.07 0.48 -0.89 1.10 0.79 -0.98 -23.07 36.95 54.21
-0.07 0.48 -0.89 1.22 0.85 -0.85 -23.24 36.89 53.63
-0.07 0.48 -0.89 1.22 0.85 -0.85 -23.24 36.89 53.63
-0.07 0.48 -0.89 1.22 0.85 -0.85 -23.24 36.89 53.63
-0.07 0.48 -0.89 1.04 0.67 -0.67 -23.24 36.89 53.63
-0.07 0.48 -0.89 1.04 0.67 -0.67 -23.24 36.89 53.63
-0.07 0.48 -0.89 1.04 0.67 -0.67 -23.24 36.89 53.63
-0.07 0.48 -0.89 0.98 0.79 -0.92 -23.24 36.89 53.63
-0.07 0.48 -0.89 0.98 0.79 -0.92 -23.24 36.89 53.63
-0.07 0.48 -0.89 0.98 0.79 -0.92 -23.24 36.89 53.63
-0.07 0.47 -0.89 1.04 0.92 -0.85 -23.24 36.89 53.63
-0.07 0.47 -0.89 1.04 0.92 -0.85 -23.24 36.89 53.63
-0.07 0.47 -0.89 1.04 0.92 -0.85 -23.24 36.89 53.63
-0.07 0.47 -0.89 1.16 0.79 -0.73 -23.24 36.89 53.63
-0.07 0.47 -0.89 1.16 0.79 -0.73 -23.24 36.89 53.63
-0.07 0.47 -0.89 1.16 0.79 -0.73 -23.24 36.89 53.63
-0.07 0.47 -0.89 1.16 0.73 -0.85 -23.24 36.89 53.63
-0.07 0.47 -0.89 1.16 0.73 -0.85 -23.24 36.89 53.63
-0.07 0.47 -0.89 1.16 0.73 -0.98 -23.39 37.19 53.89
-0.07 0.48 -0.89 1.28 0.73 -0.98 -23.39 37.19 53.89
-0.07 0.48 -0.89 1.28 0.73 -0.98 -23.39 37.19 53.89
-0.07 0.48 -0.89 1.10 0.55 -0.85 -23.39 37.19 53.89
-0.07 0.48 -0.88 1.10 0.55 -0.85 -23.39 37.19 53.89
-0.07 0.48 -0.88 1.10 0.55 -0.85 -23.39 37.19 53.89
-0.07 0.48 -0.88 1.10 0.61 -0.92 -23.39 37.19 53.89
-0.07 0.48 -0.89 1.10 0.61 -0.92 -23.39 37.19 53.89
-0.07 0.48 -0.89 1.10 0.61 -0.92 -23.39 37.19 53.89
-0.07 0.48 -0.89 1.10 0.73 -0.98 -23.39 37.19 53.89
-0.07 0.48 -0.89 1.10 0.73 -0.98 -23.39 37.19 53.89
-0.07 0.48 -0.89 1.10 0.73 -0.98 -23.39 37.19 53.89
-0.07 0.48 -0.89 1.10 0.73 -0.98 -23.39 37.19 53.89
-0.07 0.48 -0.89 1.10 0.73 -0.98 -23.39 37.19 53.89
-0.07 0.48 -0.89 1.10 0.73 -0.98 -23.39 37.19 53.89
-0.07 0.47 -0.89 0.92 0.85 -0.85 -23.39 37.19 53.89
-0.07 0.47 -0.89 0.92 0.85 -0.85 -23.39 37.19 53.89
-0.07 0.47 -0.89 0.92 0.85 -0.85 -22.92 36.98 53.77
-0.07 0.47 -0.89 0.85 0.85 -0.92 -22.92 36.98 53.77
-0.07 0.47 -0.89 0.85 0.85 -0.92 -22.92 36.98 53.77
-0.07 0.47 -0.89 0.85 0.85 -0.92 -22.92 36.98 53.77
-0.07 0.47 -0.89 1.04 0.61 -0.79 -22.92 36.98 53.77
-0.07 0.47 -0.89 1.04 0.61 -0.79 -22.92 36.98 53.77
-0.07 0.47 -0.89 1.04 0.67 -0.85 -22.92 36.98 53.77
-0.07 0.47 -0.89 0.98 0.67 -0.85 -22.92 36.98 53.77
-0.07 0.47 -0.89 0.98 0.67 -0.85 -22.92 36.98 53.77
-0.07 0.47 -0.89 1.10 0.79 -0.98 -22.92 36.98 53.77
-0.07 0.48 -0.89 1.10 0.79 -0.98 -22.92 36.98 53.77
-0.07 0.48 -0.89 1.10 0.79 -0.98 -22.92 36.98 53.77
-0.07 0.48 -0.89 1.16 0.98 -1.04 -22.92 36.98 53.77
-0.07 0.48 -0.88 1.16 0.98 -1.04 -22.92 36.98 53.77
-0.07 0.48 -0.88 1.16 0.98 -1.04 -22.92 36.98 53.77
-0.07 0.48 -0.89 0.98 0.79 -1.04 -22.92 36.98 53.77
-0.07 0.48 -0.89 0.98 0.79 -1.04 -22.92 36.98 54.25
-0.07 0.48 -0.89 0.98 0.79 -1.04 -22.61 37.06 54.25
-0.07 0.48 -0.89 0.92 0.79 -0.98 -22.61 37.06 54.25
-0.07 0.48 -0.89 0.92 0.79 -0.98 -22.61 37.06 54.25
-0.07 0.48 -0.89 0.92 0.79 -0.98 -22.61 37.06 54.25
-0.07 0.48 -0.89 0.92 0.73 -0.73 -22.61 37.06 54.25
-0.07 0.48 -0.89 0.92 0.73 -0.73 -22.61 37.06 54.25
-0.07 0.48 -0.89 0.92 0.73 -0.73 -22.61 37.06 54.25
-0.07 0.47 -0.89 0.98 0.79 -0.85 -22.61 37.06 54.25
-0.07 0.47 -0.89 0.98 0.79 -0.85 -22.61 37.06 54.25
-0.07 0.47 -0.89 0.98 0.79 -0.85 -22.61 37.06 54.25
-0.07 0.47 -0.89 0.85 0.67 -0.85 -22.61 37.06 54.25
-0.07 0.47 -0.89 0.85 0.67 -0.85 -22.61 37.06 54.25
-0.07 0.47 -0.89 0.92 0.73 -0.79 -22.61 37.06 54.25
-0.07 0.47 -0.89 0.92 0.73 -0.79 -22.61 37.06 54.25
-0.07 0.47 -0.89 0.92 0.73 -0.79 -22.61 37.06 54.25
-0.07 0.47 -0.89 0.98 0.73 -0.98 -22.61 37.06 54.25
-0.07 0.48 -0.89 0.98 0.73 -0.98 -22.67 37.11 53.58
-0.07 0.48 -0.89 0.98 0.73 -0.98 -22.67 37.11 53.58
-0.07 0.48 -0.89 0.98 0.92 -0.73 -22.67 37.11 53.58
-0.07 0.48 -0.89 0.98 0.92 -0.73 -22.67 37.11 53.58
-0.07 0.48 -0.89 0.98 0.92 -0.73 -22.67 37.11 53.58
-0.07 0.48 -0.88 0.92 0.73 -0.67 -22.67 37.11 53.58
-0.07 0.48 -0.88 0.92 0.73 -0.67 -22.67 37.11 53.58
-0.07 0.48 -0.88 0.92 0.73 -0.67 -22.67 37.11 53.58
-0.07 0.48 -0.89 1.04 0.73 -0.85 -22.67 37.11 53.58
-0.07 0.48 -0.89 1.04 0.73 -0.85 -22.67 37.11 53.58
-0.07 0.48 -0.89 1.04 0.73 -0.85 -22.67 37.11 53.58
-0.07 0.48 -0.89 0.98 0.79 -0.79 -22.67 37.11 53.58
-0.07 0.48 -0.89 0.98 0.79 -0.79 -22.67 37.11 53.58
-0.07 0.48 -0.89 0.98 0.79 -0.79 -22.67 37.11 53.58
-0.07 0.47 -0.89 1.04 0.85 -0.85 -22.67 37.11 53.58
-0.07 0.47 -0.89 1.04 0.85 -0.85 -22.67 37.11 53.58
-0.07 0.47 -0.89 1.04 0.85 -0.85 -22.67 37.11 53.58
-0.07 0.47 -0.89 0.85 0.85 -0.85 -23.07 37.15 53.03
-0.07 0.47 -0.89 0.85 0.85 -0.85 -23.07 37.15 53.03
-0.07 0.47 -0.89 1.04 0.73 -0.79 -23.07 37.15 53.03
-0.07 0.47 -0.89 1.04 0.73 -0.79 -23.07 37.15 53.03
-0.07 0.47 -0.89 1.04 0.73 -0.79 -23.07 37.15 53.03
-0.07 0.47 -0.89 1.10 0.73 -0.79 -23.07 37.15 53.03
-0.07 0.47 -0.89 1.10 0.73 -0.79 -23.07 37.15 53.03
-0.07 0.47 -0.89 1.10 0.73 -0.79 -23.07 37.15 53.03
-0.07 0.48 -0.89 1.10 0.73 -0.85 -23.07 37.15 53.03
-0.07 0.48 -0.89 1.10 0.73 -0.85 -23.07 37.15 53.03
-0.07 0.48 -0.89 1.10 0.73 -0.85 -23.07 37.15 53.03
-0.07 0.48 -0.89 1.04 0.73 -0.79 -23.07 37.15 53.03
-0.07 0.48 -0.89 1.04 0.73 -0.79 -23.07 37.15 53.03
-0.07 0.48 -0.89 1.04 0.73 -0.79 -23.07 37.15 53.03
-0.07 0.48 -0.88 1.10 0.92 -0.73 -23.07 37.15 53.03
-0.07 0.48 -0.88 1.10 0.92 -0.73 -23.07 37.15 53.03
-0.07 0.48 -0.88 1.10 0.92 -0.73 -23.07 37.15 53.03
-0.07 0.48 -0.89 0.98 0.79 -0.79 -23.43 36.77 52.58
-0.07 0.48 -0.89 0.98 0.79 -0.79 -23.43 36.77 52.58
-0.07 0.48 -0.89 0.98 0.79 -0.79 -23.43 36.77 52.58
-0.07 0.48 -0.89 0.92 0.79 -0.73 -23.43 36.77 52.58
-0.07 0.48 -0.89 0.92 0.79 -0.73 -23.43 36.77 52.58
-0.07 0.48 -0.89 0.92 0.67 -0.79 -23.43 36.77 52.58
-0.07 0.47 -0.89 0.92 0.67 -0.79 -23.43 36.77 52.58
-0.07 0.47 -0.89 0.92 0.67 -0.79 -23.43 36.77 52.58
-0.07 0.47 -0.89 1.16 0.85 -0.98 -23.43 36.77 52.58
-0.07 0.47 -0.89 1.16 0.85 -0.98 -23.43 36.77 52.58
-0.07 0.47 -0.89 1.16 0.85 -0.98 -23.43 36.77 52.58
-0.07 0.47 -0.89 1.16 0.79 -0.79 -23.43 36.77 52.58
-0.07 0.47 -0.89 1.16 0.79 -0.79 -23.43 36.77 52.58
-0.07 0.47 -0.89 1.16 0.79 -0.79 -23.43 36.77 52.58
-0.07 0.47 -0.89 1.04 0.67 -0.85 -23.43 36.77 52.58
-0.07 0.47 -0.89 1.04 0.67 -0.85 -23.43 36.77 52.58
-0.07 0.47 -0.89 1.04 0.67 -0.85 -23.43 36.77 52.58
-0.07 0.48 -0.89 1.10 0.73 -0.92 -23.13 36.96 54.35
-0.07 0.48 -0.89 1.10 0.73 -0.92 -23.13 36.96 54.35
-0.07 0.48 -0.89 1.10 0.73 -0.92 -23.13 36.96 54.35
-0.07 0.48 -0.89 1.10 0.67 -0.98 -23.13 36.96 54.35
-0.07 0.48 -0.89 1.10 0.67 -0.98 -23.13 36.96 54.35
-0.07 0.48 -0.89 1.10 0.67 -0.98 -23.13 36.96 54.35
-0.07 0.48 -0.89 1.10 0.67 -0.92 -23.13 36.96 54.35
-0.07 0.48 -0.89 1.10 0.67 -0.92 -23.13 36.96 54.35
-0.07 0.48 -0.89 1.10 0.67 -0.92 -23.13 36.96 54.35
-0.07 0.48 -0.89 1.22 0.73 -0.85 -23.13 36.96 54.35
-0.07 0.48 -0.89 1.22 0.73 -0.85 -23.13 36.96 54.35
-0.07 0.48 -0.89 1.22 0.61 -0.92 -23.13 36.96 54.35
-0.07 0.47 -0.89 1.04 0.61 -0.92 -23.13 36.96 54.35
-0.07 0.47 -0.89 1.04 0.61 -0.92 -23.13 36.96 54.35
-0.07 0.47 -0.89 1.10 0.67 -0.98 -23.13 36.96 54.35
-0.07 0.47 -0.89 1.10 0.67 -0.98 -23.13 36.96 54.35
-0.07 0.47 -0.89 1.10 0.67 -0.98 -23.13 36.96 54.35
-0.07 0.47 -0.89 0.92 0.73 -0.98 -23.13 36.62 53.32
-0.07 0.47 -0.89 0.92 0.73 -0.98 -23.13 36.62 53.32
-0.07 0.47 -0.89 0.92 0.73 -0.98 -23.13 36.62 53.32
-0.07 0.47 -0.89 0.73 0.67 -0.73 -23.13 36.62 53.32
-0.07 0.47 -0.89 0.73 0.67 -0.73 -23.13 36.62 53.32
-0.07 0.47 -0.89 0.73 0.67 -0.73 -23.13 36.62 53.32
-0.07 0.47 -0.89 0.98 0.85 -0.85 -23.13 36.62 53.32
-0.07 0.47 -0.89 0.98 0.85 -0.85 -23.13 36.62 53.32
-0.07 0.47 -0.89 0.98 0.85 -0.85 -23.13 36.62 53.32
-0.07 0.48 -0.89 1.16 0.73 -0.92 -23.13 36.62 53.32
-0.07 0.48 -0.89 1.16 0.73 -0.92 -23.13 36.62 53.32
-0.07 0.48 -0.89 1.16 0.73 -0.92 -23.13 36.62 53.32
-0.07 0.48 -0.89 1.10 0.79 -0.79 -23.13 36.62 53.32
-0.07 0.48 -0.89 1.10 0.79 -0.79 -23.13 36.62 53.32
-0.07 0.48 -0.89 1.10 0.79 -0.79 -23.13 36.62 53.32
-0.07 0.48 -0.89 1.16 1.04 -0.98 -23.13 36.62 53.32
-0.07 0.48 -0.89 1.16 1.04 -0.98 -23.13 36.62 53.32
-0.07 0.48 -0.89 1.16 0.73 -0.92 -23.29 36.08 52.65
-0.07 0.48 -0.89 1.16 0.73 -0.92 -23.29 36.08 52.65
-0.07 0.48 -0.89 1.16 0.73 -0.92 -23.29 36.08 52.65
-0.07 0.48 -0.89 1.04 0.85 -0.67 -23.29 36.08 52.65
-0.07 0.48 -0.89 1.04 0.85 -0.67 -23.29 36.08 52.65
-0.07 0.48 -0.89 1.04 0.85 -0.67 -23.29 36.08 52.65
-0.07 0.48 -0.89 1.10 0.79 -0.85 -23.29 36.08 52.65
-0.07 0.47 -0.89 1.10 0.79 -0.85 -23.29 36.08 52.65
-0.07 0.47 -0.89 1.10 0.79 -0.85 -23.29 36.08 52.65
-0.07 0.47 -0.89 0.92 0.92 -0.73 -23.29 36.08 52.65
-0.07 0.47 -0.89 0.92 0.92 -0.73 -23.29 36.08 52.65
-0.07 0.47 -0.89 0.92 0.92 -0.73 -23.29 36.08 52.65
-0.07 0.47 -0.89 1.16 0.79 -0.85 -23.29 36.08 52.65
-0.07 0.47 -0.89 1.16 0.79 -0.85 -23.29 36.08 52.65
-0.07 0.47 -0.89 1.16 0.79 -0.85 -23.29 36.08 52.65
-0.07 0.48 -0.89 1.04 0.92 -0.73 -23.29 36.08 52.65
-0.07 0.48 -0.89 1.04 0.92 -0.73 -23.29 36.08 52.65
-0.07 0.48 -0.89 1.04 0.92 -0.73 -23.34 36.51 53.48
-0.07 0.48 -0.89 1.04 0.79 -0.98 -23.34 36.51 53.48
-0.07 0.48 -0.89 1.04 0.79 -0.98 -23.34 36.51 53.48
-0.07 0.48 -0.89 1.04 0.79 -0.73 -23.34 36.51 53.48
-0.07 0.48 -0.89 0.98 0.73 -0.73 -23.34 36.51 53.48
-0.07 0.48 -0.89 0.98 0.73 -0.73 -23.34 36.51 53.48
-0.07 0.48 -0.89 0.98 0.79 -0.85 -23.34 36.51 53.48
-0.07 0.48 -0.89 0.92 0.79 -0.85 -23.34 36.51 53.48
-0.07 0.48 -0.89 0.92 0.79 -0.85 -23.34 36.51 53.48
-0.07 0.48 -0.89 1.10 0.85 -0.98 -23.34 36.51 53.48
-0.07 0.48 -0.89 1.10 0.85 -0.98 -23.34 36.51 53.48
-0.07 0.48 -0.89 1.10 0.85 -0.98 -23.34 36.51 53.48
-0.07 0.48 -0.89 1.16 0.92 -0.92 -23.34 36.51 53.48
-0.07 0.47 -0.89 1.16 0.92 -0.92 -23.34 36.51 53.48
-0.07 0.47 -0.89 1.16 0.92 -0.92 -23.34 36.51 53.48
-0.07 0.47 -0.89 1.10 0.85 -0.73 -23.34 36.51 53.48
-0.07 0.47 -0.89 1.10 0.85 -0.73 -23.34 36.51 53.48
-0.07 0.47 -0.89 1.10 0.85 -0.73 -23.13 36.87 53.67
-0.07 0.47 -0.89 1.16 0.92 -0.79 -23.13 36.87 53.67
-0.07 0.47 -0.89 1.16 0.92 -0.79 -23.13 36.87 53.67
-0.07 0.47 -0.89 1.16 0.92 -0.79 -23.13 36.87 53.67
-0.07 0.47 -0.89 1.28 0.67 -0.61 -23.13 36.87 53.67
-0.07 0.47 -0.89 1.28 0.67 -0.61 -23.13 36.87 53.67
-0.07 0.47 -0.89 1.28 0.67 -0.61 -23.13 36.87 53.67
-0.07 0.48 -0.89 1.16 0.67 -0.92 -23.13 36.87 53.67
-0.07 0.48 -0.89 1.16 0.67 -0.92 -23.13 36.87 53.67
-0.07 0.48 -0.89 1.16 0.67 -0.85 -23.13 36.87 53.67
-0.07 0.48 -0.89 1.04 0.73 -0.85 -23.13 36.87 53.67
-0.07 0.48 -0.89 1.04 0.73 -0.85 -23.13 36.87 53.67
-0.07 0.48 -0.89 1.04 0.79 -0.85 -23.13 36.87 53.67
-0.07 0.48 -0.89 1.10 0.79 -0.85 -23.13 36.87 53.67
-0.07 0.48 -0.89 1.10 0.79 -0.85 -23.13 36.87 53.67
-0.07 0.48 -0.89 1.04 0.79 -0.79 -23.13 36.87 53.67
-0.07 0.48 -0.89 1.04 0.79 -0.79 -23.13 36.50 54.11
-0.07 0.48 -0.89 1.04 0.79 -0.79 -23.08 36.50 54.11
-0.07 0.48 -0.89 1.04 0.79 -0.79 -23.08 36.50 54.11
-0.07 0.47 -0.89 1.04 0.79 -0.79 -23.08 36.50 54.11
-0.07 0.47 -0.89 1.04 0.79 -0.79 -23.08 36.50 54.11
-0.08 0.47 -0.89 1.04 0.73 -0.67 -23.08 36.50 54.11
-0.08 0.47 -0.89 1.04 0.73 -0.67 -23.08 36.50 54.11
-0.08 0.47 -0.89 1.04 0.73 -0.67 -23.08 36.50 54.11
-0.07 0.47 -0.89 1.10 0.85 -0.98 -23.08 36.50 54.11
-0.07 0.47 -0.89 1.10 0.85 -0.98 -23.08 36.50 54.11
-0.07 0.47 -0.89 1.10 0.85 -0.98 -23.08 36.50 54.11
-0.07 0.47 -0.89 1.22 0.85 -0.92 -23.08 36.50 54.11
-0.07 0.47 -0.89 1.22 0.85 -0.92 -23.08 36.50 54.11
-0.07 0.47 -0.89 1.22 0.85 -0.92 -23.08 36.50 54.11
-0.07 0.48 -0.89 1.10 0.73 -0.92 -23.08 36.50 54.11
-0.07 0.48 -0.89 1.10 0.73 -0.92 -23.08 36.50 54.11
-0.07 0.48 -0.89 1.10 0.73 -0.85 -23.08 36.50 54.11
-0.07 0.48 -0.89 0.98 0.79 -0.85 -23.45 36.76 53.88
-0.07 0.48 -0.89 0.98 0.79 -0.85 -23.45 36.76 53.88
-0.07 0.48 -0.89 0.98 0.73 -0.85 -23.45 36.76 53.88
-0.07 0.48 -0.89 0.98 0.73 -0.85 -23.45 36.76 53.88
-0.07 0.48 -0.89 0.98 0.73 -0.85 -23.45 36.76 53.88
-0.07 0.48 -0.89 1.10 0.73 -0.73 -23.45 36.76 53.88
-0.07 0.48 -0.89 1.10 0.73 -0.73 -23.45 36.76 53.88
-0.07 0.48 -0.89 1.10 0.73 -0.73 -23.45 36.76 53.88
-0.07 0.48 -0.89 0.98 0.79 -0.92 -23.45 36.76 53.88
-0.07 0.48 -0.89 0.98 0.79 -0.92 -23.45 36.76 53.88
-0.07 0.48 -0.89 0.98 0.79 -0.92 -23.45 36.76 53.88
-0.07 0.47 -0.89 1.10 0.73 -0.92 -23.45 36.76 53.88
-0.07 0.47 -0.89 1.10 0.73 -0.92 -23.45 36.76 53.88
-0.07 0.47 -0.89 1.10 0.73 -0.92 -23.45 36.76 53.88
-0.07 0.47 -0.89 0.92 0.85 -0.92 -23.45 36.76 53.88
-0.07 0.47 -0.89 0.92 0.85 -0.92 -23.45 36.76 53.88
-0.07 0.47 -0.89 0.92 0.85 -0.92 -23.45 36.76 53.88
-0.07 0.47 -0.89 0.98 0.79 -0.85 -23.34 36.61 53.21
-0.07 0.47 -0.89 0.98 0.79 -0.85 -23.34 36.61 53.21
-0.07 0.47 -0.89 0.98 0.79 -0.85 -23.34 36.61 53.21
-0.07 0.47 -0.89 0.98 0.73 -0.85 -23.34 36.61 53.21
-0.07 0.47 -0.89 0.98 0.73 -0.85 -23.34 36.61 53.21
-0.07 0.47 -0.89 0.98 0.79 -0.85 -23.34 36.61 53.21
-0.07 0.48 -0.89 0.92 0.79 -0.85 -23.34 36.61 53.21
-0.07 0.48 -0.89 0.92 0.79 -0.85 -23.34 36.61 53.21
-0.07 0.48 -0.89 1.04 0.79 -0.79 -23.34 36.61 53.21
-0.07 0.48 -0.89 1.04 0.79 -0.79 -23.34 36.61 53.21
-0.07 0.48 -0.89 1.04 0.79 -0.79 -23.34 36.61 53.21
-0.07 0.48 -0.89 0.98 0.92 -0.79 -23.34 36.61 53.21
-0.07 0.48 -0.89 0.98 0.92 -0.79 -23.34 36.61 53.21
-0.07 0.48 -0.89 0.98 0.92 -0.79 -23.34 36.61 53.21
-0.07 0.48 -0.89 1.04 0.85 -0.79 -23.34 36.61 53.21
-0.07 0.48 -0.89 1.04 0.85 -0.79 -23.34 36.61 53.21
-0.07 0.48 -0.89 1.04 0.85 -0.79 -23.34 36.61 53.21
-0.07 0.48 -0.89 1.10 0.92 -0.92 -23.29 36.77 54.28
-0.07 0.48 -0.89 1.10 0.92 -0.92 -23.29 36.77 54.28
-0.07 0.48 -0.89 1.10 0.92 -0.92 -23.29 36.77 54.28
-0.07 0.47 -0.89 1.10 0.67 -0.55 -23.29 36.77 54.28
-0.07 0.47 -0.89 1.10 0.67 -0.55 -23.29 36.77 54.28
-0.07 0.47 -0.89 1.10 0.67 -0.55 -23.29 36.77 54.28
-0.07 0.47 -0.89 1.04 0.73 -0.73 -23.29 36.77 54.28
-0.07 0.47 -0.89 1.04 0.73 -0.73 -23.29 36.77 54.28
-0.07 0.47 -0.89 1.04 0.73 -0.73 -23.29 36.77 54.28
-0.07 0.47 -0.89 1.16 0.85 -0.98 -23.29 36.77 54.28
-0.07 0.47 -0.89 1.16 0.85 -0.98 -23.29 36.77 54.28
-0.07 0.47 -0.89 1.16 0.79 -0.92 -23.29 36.77 54.28
-0.07 0.47 -0.89 1.04 0.79 -0.92 -23.29 36.77 54.28
-0.07 0.47 -0.89 1.04 0.79 -0.92 -23.29 36.77 54.28
-0.07 0.47 -0.89 1.22 0.92 -0.92 -23.29 36.77 54.28
-0.07 0.48 -0.89 1.22 0.92 -0.92 -23.29 36.77 54.28
-0.07 0.48 -0.89 1.22 0.92 -0.92 -23.29 36.77 54.28
-0.07 0.48 -0.89 1.28 0.85 -0.92 -23.23 36.82 53.63
-0.07 0.48 -0.89 1.28 0.85 -0.92 -23.23 36.82 53.63
-0.07 0.48 -0.89 1.28 0.85 -0.92 -23.23 36.82 53.63
-0.07 0.48 -0.89 0.98 0.79 -0.67 -23.23 36.82 53.63
-0.07 0.48 -0.89 0.98 0.79 -0.67 -23.23 36.82 53.63
-0.07 0.48 -0.89 0.98 0.79 -0.67 -23.23 36.82 53.63
-0.07 0.48 -0.89 0.92 0.85 -0.79 -23.23 36.82 53.63
-0.07 0.48 -0.89 0.92 0.85 -0.79 -23.23 36.82 53.63
-0.07 0.48 -0.89 0.92 0.85 -0.79 -23.23 36.82 53.63
-0.07 0.48 -0.89 1.10 0.85 -0.79 -23.23 36.82 53.63
-0.07 0.48 -0.89 1.10 0.85 -0.79 -23.23 36.82 53.63
-0.07 0.48 -0.89 1.10 0.85 -0.79 -23.23 36.82 53.63
-0.07 0.47 -0.89 1.16 0.98 -0.73 -23.23 36.82 53.63
-0.07 0.47 -0.89 1.16 0.98 -0.73 -23.23 36.82 53.63
-0.07 0.47 -0.89 1.16 0.98 -0.73 -23.23 36.82 53.63
-0.07 0.47 -0.89 1.22 0.98 -0.85 -23.23 36.82 53.63
-0.07 0.47 -0.89 1.22 0.98 -0.85 -23.23 36.82 53.63
-0.07 0.47 -0.89 1.22 0.79 -0.85 -22.90 36.72 54.46
-0.06 0.47 -0.89 1.04 0.79 -0.85 -22.90 36.72 54.46
-0.06 0.47 -0.89 1.04 0.79 -0.85 -22.90 36.72 54.46
-0.06 0.47 -0.89 0.98 0.61 -0.73 -22.90 36.72 54.46
-0.06 0.48 -0.89 0.98 0.61 -0.73 -22.90 36.72 54.46
-0.06 0.48 -0.89 0.98 0.61 -0.73 -22.90 36.72 54.46
-0.06 0.48 -0.88 1.22 0.79 -0.92 -22.90 36.72 54.46
-0.07 0.48 -0.88 1.22 0.79 -0.92 -22.90 36.72 54.46
-0.07 0.48 -0.88 1.22 0.79 -0.92 -22.90 36.72 54.46
-0.07 0.49 -0.88 1.34 0.85 -0.85 -22.90 36.72 54.46
-0.08 0.49 -0.88 1.34 0.85 -0.85 -22.90 36.72 54.46
-0.08 0.49 -0.88 1.34 0.85 -0.85 -22.90 36.72 54.46
-0.09 0.48 -0.88 1.04 0.79 -0.73 -22.90 36.72 54.46
-0.09 0.48 -0.88 1.04 0.79 -0.73 -22.90 36.72 54.46
-0.09 0.48 -0.88 1.04 0.79 -0.73 -22.90 36.72 54.46
-0.09 0.47 -0.89 0.79 0.98 -0.79 -22.90 36.72 54.46
-0.09 0.47 -0.89 0.79 0.98 -0.79 -22.90 36.72 54.46
-0.09 0.47 -0.89 0.79 0.98 -0.79 -22.96 36.44 54.31
-0.08 0.46 -0.90 0.92 0.79 -0.92 -22.96 36.44 54.31
-0.08 0.46 -0.90 0.92 0.79 -0.92 -22.96 36.44 54.31
-0.08 0.46 -0.90 0.92 0.79 -0.92 -22.96 36.44 54.31
-0.08 0.47 -0.89 1.16 0.67 -0.73 -22.96 36.44 54.31
-0.08 0.47 -0.89 1.16 0.67 -0.73 -22.96 36.44 54.31
-0.08 0.47 -0.89 1.16 0.79 -0.85 -22.96 36.44 54.31
-0.08 0.49 -0.88 1.16 0.79 -0.85 -22.96 36.44 54.31
-0.08 0.49 -0.88 1.16 0.79 -0.85 -22.96 36.44 54.31
-0.08 0.49 -0.88 0.98 0.79 -0.79 -22.96 36.44 54.31
-0.07 0.49 -0.88 0.98 0.79 -0.79 -22.96 36.44 54.31
-0.07 0.49 -0.88 0.98 0.79 -0.79 -22.96 36.44 54.31
-0.07 0.49 -0.88 0.85 0.85 -0.73 -22.96 36.44 54.31
-0.07 0.48 -0.88 0.85 0.85 -0.73 -22.96 36.44 54.31
-0.07 0.48 -0.88 0.85 0.85 -0.73 -22.96 36.44 54.31
-0.07 0.46 -0.89 0.73 0.79 -0.79 -22.96 36.44 54.31
-0.07 0.46 -0.89 0.73 0.79 -0.79 -22.96 36.44 54.31
-0.07 0.46 -0.89 0.73 0.79 -0.79 -23.34 36.62 53.91
-0.06 0.46 -0.90 1.04 0.79 -0.98 -23.34 36.62 53.91
-0.06 0.46 -0.90 1.04 0.79 -0.98 -23.34 36.62 53.91
-0.06 0.46 -0.90 1.04 0.79 -0.98 -23.34 36.62 53.91
-0.06 0.46 -0.90 1.22 0.79 -0.79 -23.34 36.62 53.91
-0.06 0.46 -0.90 1.22 0.79 -0.79 -23.34 36.62 53.91
-0.06 0.46 -0.90 1.22 0.79 -0.79 -23.34 36.62 53.91
-0.07 0.48 -0.89 1.22 0.73 -0.85 -23.34 36.62 53.91
-0.07 0.48 -0.89 1.22 0.73 -0.85 -23.34 36.62 53.91
-0.07 0.48 -0.89 1.22 0.73 -0.79 -23.34 36.62 53.91
-0.07 0.49 -0.88 1.10 0.67 -0.79 -23.34 36.62 53.91
-0.07 0.49 -0.88 1.10 0.67 -0.79 -23.34 36.62 53.91
-0.07 0.49 -0.88 0.92 0.92 -0.73 -23.34 36.62 53.91
-0.07 0.49 -0.88 0.92 0.92 -0.73 -23.34 36.62 53.91
-0.07 0.49 -0.88 0.92 0.92 -0.73 -23.34 36.62 53.91
-0.07 0.49 -0.88 0.85 0.85 -0.98 -23.34 36.62 53.91
-0.07 0.48 -0.89 0.85 0.85 -0.98 -23.34 36.62 53.52
-0.07 0.48 -0.89 0.85 0.85 -0.98 -22.95 36.65 53.52
-0.07 0.46 -0.90 1.04 0.85 -0.67 -22.95 36.65 53.52
-0.07 0.46 -0.90 1.04 0.85 -0.67 -22.95 36.65 53.52
-0.07 0.46 -0.90 1.04 0.85 -0.67 -22.95 36.65 53.52
-0.07 0.46 -0.90 1.04 0.73 -0.67 -22.95 36.65 53.52
-0.07 0.46 -0.90 1.04 0.73 -0.67 -22.95 36.65 53.52
-0.07 0.46 -0.90 1.04 0.73 -0.67 -22.95 36.65 53.52
-0.08 0.47 -0.89 1.16 0.85 -0.85 -22.95 36.65 53.52
-0.08 0.47 -0.89 1.16 0.85 -0.85 -22.95 36.65 53.52
-0.08 0.47 -0.89 1.16 0.85 -0.85 -22.95 36.65 53.52
-0.08 0.49 -0.88 1.10 0.79 -0.67 -22.95 36.65 53.52
-0.08 0.49 -0.88 1.10 0.79 -0.67 -22.95 36.65 53.52
-0.08 0.49 -0.88 1.10 0.79 -0.67 -22.95 36.65 53.52
-0.08 0.49 -0.88 1.04 0.79 -0.85 -22.95 36.65 53.52
-0.08 0.49 -0.88 1.04 0.79 -0.85 -22.95 36.65 53.52
-0.08 0.49 -0.88 1.04 0.79 -0.98 -22.95 36.65 53.52
-0.08 0.48 -0.88 1.10 0.79 -0.98 -22.95 36.38 54.05
-0.08 0.48 -0.88 1.10 0.79 -0.98 -23.33 36.38 54.05
-0.08 0.48 -0.88 1.10 0.67 -0.85 -23.33 36.38 54.05
-0.07 0.47 -0.89 1.10 0.67 -0.85 -23.33 36.38 54.05
-0.07 0.47 -0.89 1.10 0.67 -0.85 -23.33 36.38 54.05
-0.07 0.47 -0.89 0.98 0.73 -0.79 -23.33 36.38 54.05
-0.07 0.47 -0.89 0.98 0.73 -0.79 -23.33 36.38 54.05
-0.07 0.47 -0.89 0.98 0.73 -0.79 -23.33 36.38 54.05
-0.08 0.47 -0.89 0.98 0.79 -0.85 -23.33 36.38 54.05
-0.08 0.47 -0.89 0.98 0.79 -0.85 -23.33 36.38 54.05
-0.08 0.47 -0.89 0.98 0.79 -0.85 -23.33 36.38 54.05
-0.08 0.48 -0.89 1.10 0.79 -0.79 -23.33 36.38 54.05
-0.08 0.48 -0.89 1.10 0.79 -0.79 -23.33 36.38 54.05
-0.08 0.48 -0.89 1.10 0.79 -0.79 -23.33 36.38 54.05
-0.07 0.48 -0.88 1.16 0.79 -0.92 -23.33 36.38 54.05
-0.07 0.48 -0.88 1.16 0.79 -0.92 -23.33 36.38 54.05
-0.07 0.48 -0.88 1.16 0.79 -0.92 -23.33 36.38 54.05
-0.07 0.48 -0.89 1.10 0.79 -0.92 -22.60 36.32 54.44
-0.07 0.48 -0.89 1.10 0.79 -0.92 -22.60 36.32 54.44
-0.07 0.48 -0.89 1.10 0.79 -0.92 -22.60 36.32 54.44
-0.07 0.47 -0.89 1.10 0.61 -0.67 -22.60 36.32 54.44
-0.07 0.47 -0.89 1.10 0.61 -0.67 -22.60 36.32 54.44
-0.07 0.47 -0.89 1.10 0.79 -0.67 -22.60 36.32 54.44
-0.07 0.47 -0.89 1.04 0.79 -0.67 -22.60 36.32 54.44
-0.07 0.47 -0.89 1.04 0.79 -0.67 -22.60 36.32 54.44
-0.07 0.47 -0.89 1.04 0.79 -0.92 -22.60 36.32 54.44
-0.07 0.48 -0.89 1.04 0.79 -0.92 -22.60 36.32 54.44
-0.07 0.48 -0.89 1.04 0.79 -0.92 -22.60 36.32 54.44
-0.07 0.48 -0.88 1.16 0.67 -1.04 -22.60 36.32 54.44
-0.07 0.48 -0.88 1.16 0.67 -1.04 -22.60 36.32 54.44
-0.07 0.48 -0.88 1.16 0.67 -1.04 -22.60 36.32 54.44
-0.07 0.48 -0.88 0.92 0.79 -0.92 -22.60 36.32 54.44
-0.07 0.48 -0.88 0.92 0.79 -0.92 -22.60 36.32 54.44
-0.07 0.48 -0.88 0.92 0.79 -0.92 -22.60 36.32 54.44
-0.07 0.47 -0.89 1.04 0.98 -0.92 -22.88 36.76 53.69
-0.07 0.47 -0.89 1.04 0.98 -0.92 -22.88 36.76 53.69
-0.07 0.47 -0.89 1.04 0.98 -0.92 -22.88 36.76 53.69
-0.07 0.47 -0.89 1.04 0.67 -0.67 -22.88 36.76 53.69
-0.07 0.47 -0.89 1.04 0.67 -0.67 -22.88 36.76 53.69
-0.07 0.47 -0.89 1.04 0.67 -0.67 -22.88 36.76 53.69
-0.07 0.47 -0.89 1.04 0.79 -0.73 -22.88 36.76 53.69
-0.07 0.47 -0.89 1.04 0.79 -0.73 -22.88 36.76 53.69
-0.07 0.47 -0.89 1.04 0.79 -0.73 -22.88 36.76 53.69
-0.07 0.48 -0.89 1.10 0.79 -0.79 -22.88 36.76 53.69
-0.07 0.48 -0.89 1.10 0.79 -0.79 -22.88 36.76 53.69
-0.07 0.48 -0.89 1.10 0.73 -0.98 -22.88 36.76 53.69
-0.08 0.49 -0.88 1.10 0.73 -0.98 -22.88 36.76 53.69
-0.08 0.49 -0.88 1.10 0.73 -0.98 -22.88 36.76 53.69
-0.08 0.49 -0.88 1.10 0.73 -0.85 -22.88 36.76 53.69
-0.08 0.49 -0.88 1.10 0.73 -0.85 -22.88 36.76 53.69
-0.08 0.49 -0.88 1.10 0.73 -0.85 -22.88 36.76 53.69
-0.08 0.48 -0.89 0.98 0.85 -0.92 -22.52 36.78 53.89
-0.08 0.48 -0.89 0.98 0.85 -0.92 -22.52 36.78 53.89
-0.08 0.48 -0.89 0.98 0.85 -0.92 -22.52 36.78 53.89
-0.07 0.47 -0.89 1.04 0.85 -0.67 -22.52 36.78 53.89
-0.07 0.47 -0.89 1.04 0.85 -0.67 -22.52 36.78 53.89
-0.07 0.47 -0.89 1.04 0.85 -0.67 -22.52 36.78 53.89
-0.07 0.47 -0.89 1.04 0.79 -0.73 -22.52 36.78 53.89
-0.07 0.47 -0.89 1.04 0.79 -0.73 -22.52 36.78 53.89
-0.07 0.47 -0.89 1.04 0.79 -0.73 -22.52 36.78 53.89
-0.08 0.47 -0.89 1.16 0.79 -0.73 -22.52 36.78 53.89
-0.08 0.47 -0.89 1.16 0.79 -0.73 -22.52 36.78 53.89
-0.08 0.47 -0.89 1.16 0.79 -0.73 -22.52 36.78 53.89
-0.07 0.48 -0.89 1.28 0.67 -0.85 -22.52 36.78 53.89
-0.07 0.48 -0.89 1.28 0.67 -0.85 -22.52 36.78 53.89
-0.07 0.48 -0.89 1.28 0.67 -0.85 -22.52 36.78 53.89
-0.07 0.48 -0.89 1.28 0.55 -0.79 -22.52 36.78 53.89
-0.07 0.48 -0.89 1.28 0.55 -0.79 -22.52 36.78 53.89
-0.07 0.48 -0.89 1.22 0.85 -0.73 -23.17 36.51 54.20
-0.07 0.48 -0.89 1.22 0.85 -0.73 -23.17 36.51 54.20
-0.07 0.48 -0.89 1.22 0.85 -0.73 -23.17 36.51 54.20
-0.07 0.48 -0.89 1.10 0.79 -0.49 -23.17 36.51 54.20
-0.07 0.47 -0.89 1.10 0.79 -0.49 -23.17 36.51 54.20
-0.07 0.47 -0.89 1.10 0.79 -0.49 -23.17 36.51 54.20
-0.07 0.47 -0.89 0.92 0.92 -0.92 -23.17 36.51 54.20
-0.07 0.47 -0.89 0.92 0.92 -0.92 -23.17 36.51 54.20
-0.07 0.47 -0.89 0.92 0.92 -0.92 -23.17 36.51 54.20
-0.07 0.48 -0.89 1.10 0.85 -0.98 -23.17 36.51 54.20
-0.07 0.48 -0.89 1.10 0.85 -0.98 -23.17 36.51 54.20
-0.07 0.48 -0.89 1.10 0.85 -0.98 -23.17 36.51 54.20
-0.07 0.48 -0.89 1.28 0.92 -1.04 -23.17 36.51 54.20
-0.07 0.48 -0.89 1.28 0.92 -1.04 -23.17 36.51 54.20
-0.07 0.48 -0.89 1.28 0.92 -1.04 -23.17 36.51 54.20
-0.07 0.48 -0.89 1.22 0.73 -0.92 -23.17 36.51 54.20
-0.07 0.48 -0.89 1.22 0.73 -0.92 -23.17 36.51 54.20
-0.07 0.48 -0.89 1.22 0.73 -0.92 -23.19 36.79 53.41
-0.07 0.47 -0.89 1.10 0.67 -0.73 -23.19 36.79 53.41
-0.07 0.47 -0.89 1.10 0.67 -0.73 -23.19 36.79 53.41
-0.07 0.48 -0.89 1.40 1.46 -1.77 -23.21 36.22 52.19
-0.07 0.48 -0.89 1.40 1.46 -1.77 -23.21 36.22 52.19
-0.07 0.48 -0.89 1.59 1.28 -1.59 -23.21 36.22 52.19
-0.07 0.48 -0.89 1.59 1.28 -1.59 -22.90 36.34 54.31
-0.07 0.48 -0.89 1.59 1.28 -1.59 -22.90 36.34 54.31
-0.07 0.48 -0.88 1.34 1.04 -1.22 -22.90 36.34 54.31
-0.07 0.48 -0.88 1.34 1.04 -1.22 -22.90 36.34 54.31
-0.07 0.48 -0.88 1.34 1.04 -0.92 -22.90 36.34 54.31
-0.07 0.48 -0.88 1.28 0.67 -0.92 -22.90 36.34 54.31
-0.07 0.48 -0.88 1.28 0.67 -0.92 -22.90 36.34 54.31
-0.07 0.48 -0.88 1.10 0.79 -0.98 -22.90 36.34 54.31
-0.07 0.48 -0.88 1.10 0.79 -0.98 -22.90 36.34 54.31
-0.07 0.48 -0.88 1.10 0.79 -0.98 -22.90 36.34 54.31
-0.07 0.48 -0.89 0.92 0.98 -0.92 -22.90 36.34 54.31
-0.07 0.48 -0.89 0.92 0.98 -0.92 -22.90 36.34 54.31
-0.07 0.48 -0.89 0.92 0.98 -0.92 -22.90 36.34 54.31
-0.07 0.48 -0.89 1.10 0.85 -1.04 -22.90 36.34 54.31
-0.07 0.48 -0.89 1.10 0.85 -1.04 -22.90 36.34 54.31
-0.07 0.48 -0.89 1.10 0.85 -1.04 -22.90 36.34 54.31
-0.07 0.48 -0.89 0.98 0.85 -0.85 -22.90 36.34 54.31
-0.07 0.48 -0.89 0.98 0.85 -0.85 -22.92 36.87 53.80
-0.07 0.48 -0.89 0.98 0.85 -0.85 -22.92 36.87 53.80
-0.07 0.48 -0.89 0.92 0.73 -0.79 -22.92 36.87 53.80
-0.07 0.48 -0.89 0.92 0.73 -0.79 -22.92 36.87 53.80
-0.07 0.48 -0.89 0.92 0.73 -0.79 -22.92 36.87 53.80
-0.07 0.48 -0.89 0.98 0.67 -0.79 -22.92 36.87 53.80
-0.07 0.48 -0.89 0.98 0.67 -0.79 -22.92 36.87 53.80
-0.07 0.48 -0.89 0.98 0.67 -0.79 -22.92 36.87 53.80
-0.07 0.48 -0.88 1.34 0.73 -0.98 -22.92 36.87 53.80
-0.07 0.48 -0.88 1.34 0.73 -0.98 -22.92 36.87 53.80
-0.07 0.48 -0.88 1.34 1.04 -0.98 -22.92 36.87 53.80
-0.07 0.48 -0.88 1.04 1.04 -0.98 -22.92 36.87 53.80
-0.07 0.48 -0.88 1.04 1.04 -0.98 -22.92 36.87 53.80
-0.07 0.48 -0.88 1.10 0.79 -1.04 -22.92 36.87 53.80
-0.07 0.48 -0.88 1.10 0.79 -1.04 -22.92 36.87 53.80
-0.07 0.48 -0.88 1.10 0.79 -1.04 -22.92 36.87 53.80
-0.07 0.48 -0.88 1.04 0.85 -0.92 -22.92 36.87 53.80
-0.07 0.48 -0.88 1.04 0.85 -0.92 -23.29 36.79 53.09
-0.07 0.48 -0.88 1.04 0.85 -0.92 -23.29 36.79 53.09
-0.07 0.48 -0.88 0.85 0.92 -0.73 -23.29 36.79 53.09
-0.07 0.48 -0.88 0.85 0.92 -0.73 -23.29 36.79 53.09
-0.07 0.48 -0.88 0.85 0.92 -0.73 -23.29 36.79 53.09
-0.07 0.48 -0.89 0.92 0.92 -0.61 -23.29 36.79 53.09
-0.07 0.48 -0.89 0.92 0.92 -0.61 -23.29 36.79 53.09
-0.07 0.48 -0.89 0.92 0.92 -0.61 -23.29 36.79 53.09
-0.07 0.47 -0.89 0.92 0.85 -0.98 -23.29 36.79 53.09
-0.07 0.47 -0.89 0.92 0.85 -0.98 -23.29 36.79 53.09
-0.07 0.47 -0.89 0.92 0.85 -0.98 -23.29 36.79 53.09
-0.07 0.48 -0.89 1.16 0.85 -0.85 -23.29 36.79 53.09
-0.07 0.48 -0.89 1.16 0.85 -0.85 -23.29 36.79 53.09
-0.07 0.48 -0.89 1.16 0.85 -0.85 -23.29 36.79 53.09
-0.07 0.48 -0.89 1.04 0.79 -0.98 -23.29 36.79 53.09
-0.07 0.48 -0.89 1.04 0.79 -0.98 -23.29 36.79 53.09
-0.07 0.48 -0.89 1.04 0.85 -1.04 -23.29 36.79 53.09
-0.07 0.48 -0.88 1.28 0.85 -1.04 -23.07 36.47 53.61
-0.07 0.48 -0.88 1.28 0.85 -1.04 -23.07 36.47 53.61
-0.07 0.48 -0.88 1.34 0.73 -0.79 -23.07 36.47 53.61
-0.07 0.48 -0.88 1.34 0.73 -0.79 -23.07 36.47 53.61
-0.07 0.48 -0.88 1.34 0.73 -0.79 -23.07 36.47 53.61
-0.07 0.48 -0.88 1.10 0.79 -0.79 -23.07 36.47 53.61
-0.07 0.48 -0.88 1.10 0.79 -0.79 -23.07 36.47 53.61
-0.07 0.48 -0.88 1.10 0.79 -0.79 -23.07 36.47 53.61
-0.07 0.48 -0.89 1.16 0.67 -0.85 -23.07 36.47 53.61
-0.07 0.48 -0.89 1.16 0.67 -0.85 -23.07 36.47 53.61
-0.07 0.48 -0.89 1.16 0.67 -0.85 -23.07 36.47 53.61
-0.07 0.48 -0.89 0.92 0.85 -0.73 -23.07 36.47 53.61
-0.07 0.48 -0.89 0.92 0.85 -0.73 -23.07 36.47 53.61
-0.07 0.48 -0.89 0.92 0.85 -0.73 -23.07 36.47 53.61
-0.07 0.48 -0.89 0.98 0.79 -0.92 -23.07 36.47 53.61
-0.07 0.48 -0.89 0.98 0.79 -0.92 -23.07 36.47 53.61
-0.07 0.48 -0.89 0.98 0.79 -0.92 -23.07 36.47 52.99
-0.07 0.48 -0.89 0.92 0.79 -0.92 -22.96 36.85 52.99
-0.07 0.48 -0.89 0.92 0.79 -0.92 -22.96 36.85 52.99
-0.07 0.48 -0.89 0.92 0.79 -0.92 -22.96 36.85 52.99
-0.07 0.48 -0.89 1.16 0.73 -0.79 -22.96 36.85 52.99
-0.07 0.48 -0.89 1.16 0.73 -0.79 -22.96 36.85 52.99
-0.07 0.48 -0.89 1.16 1.04 -1.04 -22.96 36.85 52.99
-0.07 0.48 -0.89 1.22 1.04 -1.04 -22.96 36.85 52.99
-0.07 0.48 -0.89 1.22 1.04 -1.04 -22.96 36.85 52.99
-0.07 0.48 -0.89 1.16 0.92 -0.92 -22.96 36.85 52.99
-0.07 0.48 -0.89 1.16 0.92 -0.92 -22.96 36.85 52.99
-0.07 0.48 -0.89 1.16 0.92 -0.92 -22.96 36.85 52.99
-0.07 0.48 -0.89 1.22 0.79 -0.79 -22.96 36.85 52.99
-0.07 0.48 -0.89 1.22 0.79 -0.79 -22.96 36.85 52.99
-0.07 0.48 -0.89 1.22 0.79 -0.79 -22.96 36.85 52.99
-0.07 0.48 -0.89 1.10 0.85 -0.85 -22.96 36.85 52.99
-0.07 0.48 -0.89 1.10 0.85 -0.85 -22.96 36.85 52.99
-0.07 0.48 -0.89 1.10 0.85 -0.85 -22.96 36.52 53.32
-0.07 0.48 -0.89 1.22 0.85 -0.85 -23.12 36.52 53.32
-0.07 0.48 -0.89 1.22 0.85 -0.85 -23.12 36.52 53.32
-0.07 0.48 -0.89 1.22 0.85 -0.85 -23.12 36.52 53.32
-0.07 0.48 -0.89 0.85 0.92 -0.67 -23.12 36.52 53.32
-0.07 0.48 -0.89 0.85 0.92 -0.67 -23.12 36.52 53.32
-0.07 0.48 -0.89 0.85 0.92 -0.67 -23.12 36.52 53.32
-0.07 0.48 -0.89 1.04 0.98 -0.92 -23.12 36.52 53.32
-0.07 0.48 -0.89 1.04 0.98 -0.92 -23.12 36.52 53.32
-0.07 0.48 -0.89 1.04 0.98 -0.92 -23.12 36.52 53.32
-0.07 0.47 -0.89 1.16 0.79 -1.04 -23.12 36.52 53.32
-0.07 0.47 -0.89 1.16 0.79 -1.04 -23.12 36.52 53.32
-0.07 0.47 -0.89 1.16 0.85 -0.92 -23.12 36.52 53.32
-0.07 0.48 -0.89 1.22 0.85 -0.92 -23.12 36.52 53.32
-0.07 0.48 -0.89 1.22 0.85 -0.92 -23.12 36.52 53.32
-0.07 0.48 -0.89 1.34 0.85 -0.98 -23.12 36.52 53.32
-0.07 0.48 -0.89 1.34 0.85 -0.98 -23.12 36.52 53.32
-0.07 0.48 -0.89 1.34 0.85 -0.98 -22.99 36.39 53.06
-0.07 0.48 -0.89 1.28 0.85 -0.92 -22.99 36.39 53.06
-0.07 0.48 -0.89 1.28 0.85 -0.92 -22.99 36.39 53.06
-0.07 0.48 -0.89 1.28 0.85 -0.92 -22.99 36.39 53.06
-0.07 0.48 -0.89 1.04 0.79 -0.55 -22.99 36.39 53.06
-0.07 0.48 -0.89 1.04 0.79 -0.55 -22.99 36.39 53.06
-0.07 0.48 -0.89 1.04 0.79 -0.55 -22.99 36.39 53.06
-0.07 0.48 -0.89 0.92 0.79 -0.67 -22.99 36.39 53.06
-0.07 0.48 -0.89 0.92 0.79 -0.67 -22.99 36.39 53.06
-0.07 0.48 -0.89 0.92 0.79 -0.67 -22.99 36.39 53.06
-0.07 0.48 -0.89 1.04 0.73 -0.73 -22.99 36.39 53.06
-0.07 0.48 -0.89 1.04 0.73 -0.73 -22.99 36.39 53.06
-0.07 0.48 -0.89 1.04 0.73 -0.73 -22.99 36.39 53.06
-0.07 0.48 -0.89 1.04 0.73 -0.85 -22.99 36.39 53.06
-0.07 0.48 -0.89 1.04 0.73 -0.85 -22.99 36.39 53.06
-0.07 0.48 -0.89 1.04 0.73 -0.85 -22.99 36.39 53.06
-0.07 0.48 -0.89 1.10 0.85 -0.85 -22.99 36.39 53.06
-0.07 0.48 -0.89 1.10 0.85 -0.85 -23.17 36.46 54.48
-0.07 0.48 -0.89 1.10 0.73 -0.85 -23.17 36.46 54.48
-0.07 0.47 -0.89 0.98 0.73 -0.85 -23.17 36.46 54.48
-0.07 0.47 -0.89 0.98 0.73 -0.85 -23.17 36.46 54.48
-0.07 0.47 -0.89 1.28 0.79 -0.73 -23.17 36.46 54.48
-0.07 0.48 -0.89 1.28 0.79 -0.73 -23.17 36.46 54.48
-0.07 0.48 -0.89 1.28 0.79 -0.73 -23.17 36.46 54.48
-0.07 0.48 -0.89 1.34 0.79 -0.98 -23.17 36.46 54.48
-0.07 0.48 -0.89 1.34 0.79 -0.98 -23.17 36.46 54.48
-0.07 0.48 -0.89 1.34 0.79 -0.98 -23.17 36.46 54.48
-0.07 0.48 -0.89 0.98 0.67 -0.79 -23.17 36.46 54.48
-0.07 0.48 -0.89 0.98 0.67 -0.79 -23.17 36.46 54.48
-0.07 0.48 -0.89 0.98 0.67 -0.79 -23.17 36.46 54.48
-0.07 0.48 -0.88 1.22 0.85 -0.92 -23.17 36.46 54.48
-0.07 0.48 -0.88 1.22 0.85 -0.92 -23.17 36.46 54.48
-0.07 0.48 -0.88 1.22 0.85 -0.92 -23.17 36.46 54.48
-0.07 0.48 -0.88 1.04 0.92 -0.79 -23.17 36.46 54.48
-0.07 0.48 -0.88 1.04 0.92 -0.79 -22.61 36.40 54.52
-0.07 0.48 -0.88 1.04 0.92 -0.79 -22.61 36.40 54.52
-0.07 0.48 -0.88 0.98 0.85 -0.79 -22.61 36.40 54.52
-0.07 0.48 -0.88 0.98 0.85 -0.79 -22.61 36.40 54.52
-0.07 0.48 -0.88 0.98 0.85 -0.79 -22.61 36.40 54.52
-0.07 0.48 -0.89 1.10 0.85 -0.55 -22.61 36.40 54.52
-0.07 0.48 -0.89 1.10 0.85 -0.55 -22.61 36.40 54.52
-0.07 0.48 -0.89 1.10 0.98 -0.85 -22.61 36.40 54.52
-0.07 0.48 -0.89 0.92 0.98 -0.85 -22.61 36.40 54.52
-0.07 0.48 -0.89 0.92 0.98 -0.85 -22.61 36.40 54.52
-0.07 0.48 -0.89 1.16 0.79 -0.79 -22.61 36.40 54.52
-0.07 0.48 -0.89 1.16 0.79 -0.79 -22.61 36.40 54.52
-0.07 0.48 -0.89 1.16 0.79 -0.79 -22.61 36.40 54.52
-0.07 0.48 -0.89 1.10 0.85 -0.85 -22.61 36.40 54.52
-0.07 0.48 -0.89 1.10 0.85 -0.85 -22.61 36.40 54.52
-0.07 0.48 -0.89 1.10 0.85 -0.85 -22.61 36.40 54.52
-0.07 0.48 -0.88 1.34 0.79 -0.92 -22.61 36.40 54.52
-0.07 0.48 -0.88 1.34 0.79 -0.92 -22.81 36.85 53.19
-0.07 0.48 -0.88 1.34 0.79 -0.92 -22.81 36.85 53.19
-0.07 0.48 -0.88 1.16 0.92 -0.85 -22.81 36.85 53.19
-0.07 0.48 -0.88 1.16 0.92 -0.85 -22.81 36.85 53.19
-0.07 0.48 -0.88 1.16 0.92 -0.85 -22.81 36.85 53.19
-0.07 0.48 -0.88 1.10 0.79 -0.79 -22.81 36.85 53.19
-0.07 0.48 -0.88 1.10 0.79 -0.79 -22.81 36.85 53.19
-0.07 0.48 -0.88 1.10 0.79 -0.79 -22.81 36.85 53.19
-0.07 0.48 -0.88 1.16 1.04 -0.79 -22.81 36.85 53.19
-0.07 0.48 -0.88 1.16 1.04 -0.79 -22.81 36.85 53.19
-0.07 0.48 -0.88 1.16 1.04 -0.79 -22.81 36.85 53.19
-0.07 0.48 -0.89 0.79 0.98 -0.79 -22.81 36.85 53.19
-0.07 0.48 -0.89 0.79 0.98 -0.79 -22.81 36.85 53.19
-0.07 0.48 -0.89 0.79 0.98 -0.79 -22.81 36.85 53.19
-0.07 0.48 -0.89 1.04 0.85 -0.79 -22.81 36.85 53.19
-0.07 0.48 -0.89 1.04 0.85 -0.79 -22.81 36.85 53.19
-0.07 0.48 -0.89 1.04 0.98 -0.67 -22.81 36.85 53.19
-0.07 0.48 -0.89 1.04 0.98 -0.67 -22.19 36.60 52.64
-0.07 0.48 -0.89 1.04 0.98 -0.67 -22.19 36.60 52.64
-0.07 0.48 -0.89 1.28 0.79 -0.79 -22.19 36.60 52.64
-0.07 0.48 -0.89 1.28 0.79 -0.79 -22.19 36.60 52.64
-0.07 0.48 -0.89 1.28 0.79 -0.79 -22.19 36.60 52.64
-0.07 0.48 -0.89 1.28 0.79 -0.79 -22.19 36.60 52.64
-0.07 0.48 -0.89 1.28 0.79 -0.79 -22.19 36.60 52.64
-0.07 0.48 -0.89 1.28 0.79 -0.79 -22.19 36.60 52.64
-0.07 0.48 -0.88 1.22 0.85 -0.85 -22.19 36.60 52.64
-0.07 0.48 -0.88 1.22 0.85 -0.85 -22.19 36.60 52.64
-0.07 0.48 -0.88 1.22 0.85 -0.85 -22.19 36.60 52.64
-0.07 0.48 -0.88 1.28 0.79 -0.92 -22.19 36.60 52.64
-0.07 0.48 -0.88 1.28 0.79 -0.92 -22.19 36.60 52.64
-0.07 0.48 -0.88 1.28 0.79 -0.92 -22.19 36.60 52.64
-0.07 0.48 -0.89 1.10 0.85 -0.85 -22.19 36.60 52.64
-0.07 0.48 -0.89 1.10 0.85 -0.85 -22.19 36.60 52.64
-0.07 0.48 -0.89 1.10 0.85 -0.85 -22.19 36.60 52.64
-0.07 0.48 -0.89 0.98 0.85 -0.79 -23.22 36.56 53.99
-0.07 0.48 -0.89 0.98 0.85 -0.79 -23.22 36.56 53.99
-0.07 0.48 -0.89 0.98 0.85 -0.67 -23.22 36.56 53.99
-0.07 0.48 -0.89 0.79 0.79 -0.67 -23.22 36.56 53.99
-0.07 0.48 -0.89 0.79 0.79 -0.67 -23.22 36.56 53.99
-0.07 0.48 -0.89 1.10 0.85 -0.79 -23.22 36.56 53.99
-0.07 0.48 -0.89 1.10 0.85 -0.79 -23.22 36.56 53.99
-0.07 0.48 -0.89 1.10 0.85 -0.79 -23.22 36.56 53.99
-0.07 0.48 -0.89 1.04 0.79 -0.98 -23.22 36.56 53.99
-0.07 0.48 -0.89 1.04 0.79 -0.98 -23.22 36.56 53.99
-0.07 0.48 -0.89 1.04 0.79 -0.98 -23.22 36.56 53.99
-0.07 0.48 -0.89 1.22 0.92 -0.98 -23.22 36.56 53.99
-0.07 0.48 -0.89 1.22 0.92 -0.98 -23.22 36.56 53.99
-0.07 0.48 -0.89 1.22 0.92 -0.98 -23.22 36.56 53.99
-0.07 0.48 -0.88 1.28 0.85 -0.92 -23.22 36.56 53.99
-0.07 0.48 -0.88 1.28 0.85 -0.92 -23.22 36.56 53.99
-0.07 0.48 -0.88 1.28 0.85 -0.92 -23.22 36.56 53.99
-0.07 0.48 -0.89 1.04 0.79 -0.98 -22.85 36.73 53.54
-0.07 0.48 -0.89 1.04 0.79 -0.98 -22.85 36.73 53.54
-0.07 0.48 -0.89 1.04 0.79 -0.98 -22.85 36.73 53.54
-0.07 0.48 -0.89 1.10 0.67 -0.73 -22.85 36.73 53.54
-0.07 0.48 -0.89 1.10 0.67 -0.73 -22.85 36.73 53.54
-0.07 0.48 -0.89 1.10 0.67 -0.73 -22.85 36.73 53.54
-0.07 0.48 -0.89 0.79 0.79 -0.85 -22.85 36.73 53.54
-0.07 0.48 -0.89 0.79 0.79 -0.85 -22.85 36.73 53.54
-0.07 0.48 -0.89 0.79 0.79 -1.10 -22.85 36.73 53.54
-0.07 0.48 -0.89 0.92 0.92 -1.10 -22.85 36.73 53.54
-0.07 0.48 -0.89 0.92 0.92 -1.10 -22.85 36.73 53.54
-0.07 0.48 -0.89 1.04 0.98 -0.85 -22.85 36.73 53.54
-0.07 0.48 -0.89 1.04 0.98 -0.85 -22.85 36.73 53.54
-0.07 0.48 -0.89 1.04 0.98 -0.85 -22.85 36.73 53.54
-0.07 0.48 -0.89 1.16 0.98 -0.79 -22.85 36.73 53.54
-0.07 0.48 -0.89 1.16 0.98 -0.79 -22.85 36.73 53.54
-0.07 0.48 -0.89 1.16 0.98 -0.79 -22.85 36.73 53.54
-0.07 0.48 -0.89 1.04 0.92 -0.79 -23.08 37.27 53.14
-0.07 0.48 -0.89 1.04 0.92 -0.79 -23.08 37.27 53.14
-0.07 0.48 -0.89 1.04 0.92 -0.79 -23.08 37.27 53.14
-0.07 0.48 -0.89 1.16 0.85 -0.67 -23.08 37.27 53.14
-0.07 0.48 -0.89 1.16 0.85 -0.67 -23.08 37.27 53.14
-0.07 0.48 -0.89 1.16 0.85 -0.67 -23.08 37.27 53.14
-0.07 0.48 -0.89 1.34 0.85 -0.79 -23.08 37.27 53.14
-0.07 0.48 -0.89 1.34 0.85 -0.79 -23.08 37.27 53.14
-0.07 0.48 -0.89 1.34 0.85 -0.79 -23.08 37.27 53.14
-0.07 0.48 -0.89 1.04 1.04 -0.67 -23.08 37.27 53.14
-0.07 0.48 -0.89 1.04 1.04 -0.67 -23.08 37.27 53.14
-0.07 0.48 -0.89 1.04 1.04 -0.67 -23.08 37.27 53.14
-0.07 0.48 -0.88 1.16 0.79 -0.85 -23.08 37.27 53.14
-0.07 0.48 -0.88 1.16 0.79 -0.85 -23.08 37.27 53.14
-0.07 0.48 -0.88 1.16 1.04 -0.85 -23.08 37.27 53.14
-0.07 0.48 -0.89 0.98 1.04 -0.85 -23.08 37.27 53.14
-0.07 0.48 -0.89 0.98 1.04 -0.85 -23.08 37.27 53.14
-0.07 0.48 -0.89 0.67 1.10 -0.92 -23.11 36.69 53.19
-0.07 0.48 -0.89 0.67 1.10 -0.92 -23.11 36.69 53.19
-0.07 0.48 -0.89 0.67 1.10 -0.92 -23.11 36.69 53.19
-0.07 0.48 -0.89 1.22 0.85 -0.79 -23.11 36.69 53.19
-0.07 0.48 -0.89 1.22 0.85 -0.79 -23.11 36.69 53.19
-0.07 0.48 -0.89 1.22 0.85 -0.79 -23.11 36.69 53.19
-0.07 0.48 -0.89 0.98 0.85 -0.85 -23.11 36.69 53.19
-0.07 0.48 -0.89 0.98 0.85 -0.85 -23.11 36.69 53.19
-0.07 0.48 -0.89 0.98 0.85 -0.85 -23.11 36.69 53.19
-0.07 0.48 -0.89 1.28 0.85 -0.79 -23.11 36.69 53.19
-0.07 0.48 -0.89 1.28 0.85 -0.79 -23.11 36.69 53.19
-0.07 0.48 -0.89 1.28 0.85 -0.79 -23.11 36.69 53.19
-0.07 0.48 -0.89 1.10 0.85 -0.73 -23.11 36.69 53.19
-0.07 0.48 -0.89 1.10 0.85 -0.73 -23.11 36.69 53.19
-0.07 0.48 -0.89 1.10 0.85 -0.73 -23.11 36.69 53.19
-0.07 0.48 -0.88 1.34 0.85 -0.85 -23.11 36.69 53.19
-0.07 0.48 -0.88 1.34 0.85 -0.85 -23.11 36.69 53.19
-0.07 0.48 -0.88 1.34 0.85 -0.85 -22.95 36.57 53.89
-0.07 0.48 -0.88 1.28 0.79 -0.79 -22.95 36.57 53.89
-0.07 0.48 -0.88 1.28 0.79 -0.79 -22.95 36.57 53.89
-0.07 0.48 -0.88 1.28 0.85 -0.55 -22.95 36.57 53.89
-0.07 0.48 -0.89 0.73 0.85 -0.55 -22.95 36.57 53.89
-0.07 0.48 -0.89 0.73 0.85 -0.55 -22.95 36.57 53.89
-0.07 0.48 -0.89 1.04 0.92 -0.79 -22.95 36.57 53.89
-0.07 0.48 -0.89 1.04 0.92 -0.79 -22.95 36.57 53.89
-0.07 0.48 -0.89 1.04 0.92 -0.79 -22.95 36.57 53.89
-0.07 0.48 -0.89 0.85 0.79 -0.79 -22.95 36.57 53.89
-0.07 0.47 -0.89 0.85 0.79 -0.79 -22.95 36.57 53.89
-0.07 0.47 -0.89 0.85 0.79 -0.79 -22.95 36.57 53.89
-0.07 0.47 -0.88 1.28 0.79 -0.85 -22.95 36.57 53.89
-0.07 0.47 -0.88 1.28 0.79 -0.85 -22.95 36.57 53.89
-0.07 0.47 -0.88 1.28 0.79 -0.85 -22.95 36.57 53.89
-0.07 0.48 -0.89 0.98 0.85 -0.92 -22.95 36.57 53.89
-0.07 0.48 -0.89 0.98 0.85 -0.92 -22.95 36.57 52.84
-0.07 0.48 -0.89 0.98 0.85 -0.92 -22.78 36.56 52.84
-0.07 0.48 -0.89 0.98 0.73 -0.85 -22.78 36.56 52.84
-0.07 0.48 -0.89 0.98 0.73 -0.85 -22.78 36.56 52.84
-0.07 0.48 -0.89 0.98 0.73 -0.85 -22.78 36.56 52.84
-0.07 0.48 -0.89 1.34 0.73 -0.61 -22.78 36.56 52.84
-0.07 0.48 -0.89 1.34 0.73 -0.61 -22.78 36.56 52.84
-0.07 0.48 -0.89 1.34 0.73 -0.61 -22.78 36.56 52.84
-0.07 0.48 -0.88 1.16 0.79 -0.85 -22.78 36.56 52.84
-0.07 0.48 -0.88 1.16 0.79 -0.85 -22.78 36.56 52.84
-0.07 0.48 -0.88 1.16 0.85 -0.79 -22.78 36.56 52.84
-0.07 0.48 -0.89 1.28 0.85 -0.79 -22.78 36.56 52.84
-0.07 0.48 -0.89 1.28 0.85 -0.79 -22.78 36.56 52.84
-0.07 0.48 -0.89 1.04 1.04 -0.73 -22.78 36.56 52.84
-0.07 0.48 -0.89 1.04 1.04 -0.73 -22.78 36.56 52.84
-0.07 0.48 -0.89 1.04 1.04 -0.73 -22.78 36.56 52.84
-0.07 0.48 -0.89 1.22 0.73 -0.85 -22.78 36.56 52.84
-0.07 0.48 -0.89 1.22 0.73 -0.85 -22.78 36.63 53.89
-0.07 0.48 -0.89 1.22 0.73 -0.85 -23.11 36.63 53.89
-0.07 0.48 -0.89 1.16 0.79 -0.79 -23.11 36.63 53.89
-0.07 0.48 -0.89 1.16 0.79 -0.79 -23.11 36.63 53.89
-0.07 0.48 -0.89 1.16 0.79 -0.79 -23.11 36.63 53.89
-0.07 0.48 -0.89 1.10 0.85 -0.73 -23.11 36.63 53.89
-0.07 0.48 -0.89 1.10 0.85 -0.73 -23.11 36.63 53.89
-0.07 0.48 -0.89 1.10 0.85 -0.73 -23.11 36.63 53.89
-0.07 0.48 -0.89 1.04 0.92 -0.85 -23.11 36.63 53.89
-0.07 0.48 -0.89 1.04 0.92 -0.85 -23.11 36.63 53.89
-0.07 0.48 -0.89 1.04 0.92 -0.85 -23.11 36.63 53.89
-0.07 0.48 -0.89 0.98 0.98 -0.67 -23.11 36.63 53.89
-0.07 0.48 -0.89 0.98 0.98 -0.67 -23.11 36.63 53.89
-0.07 0.48 -0.89 0.98 0.98 -0.67 -23.11 36.63 53.89
-0.07 0.48 -0.89 1.34 0.73 -0.98 -23.11 36.63 53.89
-0.07 0.48 -0.89 1.34 0.73 -0.98 -23.11 36.63 53.89
-0.07 0.48 -0.89 1.34 0.73 -0.79 -23.11 36.63 53.89
-0.07 0.48 -0.88 1.16 0.85 -0.79 -22.44 36.39 52.86
-0.07 0.48 -0.88 1.16 0.85 -0.79 -22.44 36.39 52.86
-0.07 0.48 -0.88 1.16 0.79 -0.67 -22.44 36.39 52.86
-0.07 0.48 -0.88 1.16 0.79 -0.67 -22.44 36.39 52.86
-0.07 0.48 -0.88 1.16 0.79 -0.67 -22.44 36.39 52.86
-0.07 0.48 -0.88 0.92 0.85 -0.55 -22.44 36.39 52.86
-0.07 0.48 -0.89 0.92 0.85 -0.55 -22.44 36.39 52.86
-0.07 0.48 -0.89 0.92 0.85 -0.55 -22.44 36.39 52.86
-0.07 0.48 -0.89 0.85 0.92 -0.92 -22.44 36.39 52.86
-0.07 0.48 -0.89 0.85 0.92 -0.92 -22.44 36.39 52.86
-0.07 0.48 -0.89 0.85 0.92 -0.92 -22.44 36.39 52.86
-0.07 0.47 -0.89 0.85 0.85 -0.85 -22.44 36.39 52.86
-0.07 0.47 -0.89 0.85 0.85 -0.85 -22.44 36.39 52.86
-0.07 0.47 -0.89 0.85 0.85 -0.85 -22.44 36.39 52.86
-0.07 0.48 -0.89 1.04 0.92 -0.85 -22.44 36.39 52.86
-0.07 0.48 -0.89 1.04 0.92 -0.85 -22.44 36.39 52.86
-0.07 0.48 -0.89 1.04 0.92 -0.85 -22.44 36.39 52.86
-0.07 0.48 -0.89 1.40 0.85 -1.04 -23.12 36.62 53.02
-0.07 0.48 -0.89 1.40 0.85 -1.04 -23.12 36.62 53.02
-0.07 0.48 -0.89 1.40 0.85 -1.04 -23.12 36.62 53.02
-0.07 0.48 -0.88 1.28 0.73 -0.85 -23.12 36.62 53.02
-0.07 0.48 -0.88 1.28 0.73 -0.85 -23.12 36.62 53.02
-0.07 0.48 -0.88 1.28 0.73 -0.85 -23.12 36.62 53.02
-0.07 0.48 -0.88 1.40 0.79 -0.79 -23.12 36.62 53.02
-0.07 0.48 -0.88 1.40 0.79 -0.79 -23.12 36.62 53.02
-0.07 0.48 -0.88 1.40 0.98 -0.79 -23.12 36.62 53.02
-0.07 0.48 -0.88 0.79 0.98 -0.79 -23.12 36.62 53.02
-0.07 0.48 -0.88 0.79 0.98 -0.79 -23.12 36.62 53.02
-0.07 0.48 -0.88 1.04 0.98 -0.92 -23.12 36.62 53.02
-0.07 0.48 -0.88 1.04 0.98 -0.92 -23.12 36.62 53.02
-0.07 0.48 -0.88 1.04 0.98 -0.92 -23.12 36.62 53.02
-0.07 0.47 -0.89 0.85 1.04 -0.79 -23.12 36.62 53.02
-0.07 0.47 -0.89 0.85 1.04 -0.79 -23.12 36.62 53.02
-0.07 0.47 -0.89 0.85 1.04 -0.79 -23.12 36.62 53.02
-0.07 0.47 -0.89 1.22 0.92 -0.85 -23.03 36.90 53.38
-0.07 0.47 -0.89 1.22 0.92 -0.85 -23.03 36.90 53.38
-0.07 0.47 -0.89 1.22 0.92 -0.85 -23.03 36.90 53.38
-0.07 0.48 -0.89 1.22 0.79 -0.67 -23.03 36.90 53.38
-0.07 0.48 -0.89 1.22 0.79 -0.67 -23.03 36.90 53.38
-0.07 0.48 -0.89 1.22 0.79 -0.67 -23.03 36.90 53.38
-0.07 0.48 -0.89 1.16 0.85 -0.79 -23.03 36.90 53.38
-0.07 0.48 -0.89 1.16 0.85 -0.79 -23.03 36.90 53.38
-0.07 0.48 -0.89 1.16 0.85 -0.79 -23.03 36.90 53.38
-0.07 0.48 -0.88 1.28 0.79 -1.04 -23.03 36.90 53.38
-0.07 0.48 -0.88 1.28 0.79 -1.04 -23.03 36.90 53.38
-0.07 0.48 -0.88 1.28 0.79 -1.04 -23.03 36.90 53.38
-0.07 0.48 -0.88 1.22 0.85 -0.85 -23.03 36.90 53.38
-0.07 0.48 -0.88 1.22 0.85 -0.85 -23.03 36.90 53.38
-0.07 0.48 -0.88 1.22 0.98 -0.85 -23.03 36.90 53.38
-0.07 0.48 -0.89 0.85 0.98 -0.85 -23.03 36.90 53.38
-0.07 0.48 -0.89 0.85 0.98 -0.85 -23.03 36.90 53.38
-0.07 0.48 -0.89 0.79 0.92 -0.79 -23.18 36.82 53.25
-0.07 0.48 -0.89 0.79 0.92 -0.79 -23.18 36.82 53.25
-0.07 0.48 -0.89 0.79 0.92 -0.79 -23.18 36.82 53.25
-0.07 0.48 -0.89 0.98 0.73 -0.73 -23.18 36.82 53.25
-0.07 0.48 -0.89 0.98 0.73 -0.73 -23.18 36.82 53.25
-0.07 0.48 -0.89 0.98 0.73 -0.73 -23.18 36.82 53.25
-0.07 0.48 -0.89 0.98 0.85 -0.85 -23.18 36.82 53.25
-0.07 0.48 -0.89 0.98 0.85 -0.85 -23.18 36.82 53.25
-0.07 0.48 -0.89 0.98 0.85 -0.85 -23.18 36.82 53.25
-0.07 0.48 -0.89 1.22 0.98 -0.85 -23.18 36.82 53.25
-0.07 0.48 -0.89 1.22 0.98 -0.85 -23.18 36.82 53.25
-0.07 0.48 -0.89 1.22 0.98 -0.85 -23.18 36.82 53.25
-0.07 0.48 -0.89 1.28 0.98 -0.85 -23.18 36.82 53.25
-0.07 0.48 -0.89 1.28 0.98 -0.85 -23.18 36.82 53.25
-0.07 0.48 -0.89 1.28 0.98 -0.85 -23.18 36.82 53.25
-0.07 0.48 -0.88 1.40 0.92 -0.79 -23.18 36.82 53.25
-0.07 0.48 -0.88 1.40 0.92 -0.79 -23.18 36.82 53.25
-0.07 0.48 -0.88 1.40 0.92 -0.79 -22.69 37.10 54.16
-0.08 0.48 -0.89 1.28 0.79 -0.79 -22.69 37.10 54.16
-0.08 0.48 -0.89 1.28 0.79 -0.79 -22.69 37.10 54.16
-0.08 0.48 -0.89 1.28 0.79 -0.37 -22.69 37.10 54.16
-0.08 0.48 -0.88 0.98 0.79 -0.37 -22.69 37.10 54.16
-0.08 0.48 -0.88 0.98 0.79 -0.37 -22.69 37.10 54.16
-0.08 0.48 -0.88 1.22 0.92 -0.73 -22.69 37.10 54.16
-0.08 0.48 -0.88 1.22 0.92 -0.73 -22.69 37.10 54.16
-0.08 0.48 -0.88 1.22 0.92 -0.73 -22.69 37.10 54.16
-0.08 0.48 -0.89 1.04 0.92 -0.67 -22.69 37.10 54.16
-0.08 0.48 -0.89 1.04 0.92 -0.67 -22.69 37.10 54.16
-0.08 0.48 -0.89 1.04 0.92 -0.67 -22.69 37.10 54.16
-0.07 0.48 -0.89 1.04 0.98 -0.79 -22.69 37.10 54.16
-0.07 0.48 -0.89 1.04 0.98 -0.79 -22.69 37.10 54.16
-0.07 0.48 -0.89 1.04 0.98 -0.79 -22.69 37.10 54.16
-0.07 0.48 -0.89 1.04 0.92 -0.79 -22.69 37.10 54.16
-0.07 0.48 -0.89 1.04 0.92 -0.79 -22.69 37.10 54.16
-0.07 0.48 -0.89 1.04 0.92 -0.79 -22.91 36.68 52.69
-0.07 0.48 -0.89 1.34 0.79 -0.73 -22.91 36.68 52.69
-0.07 0.48 -0.89 1.34 0.79 -0.73 -22.91 36.68 52.69
-0.07 0.48 -0.89 1.34 0.79 -0.73 -22.91 36.68 52.69
-0.07 0.48 -0.88 1.16 0.73 -0.67 -22.91 36.68 52.69
-0.07 0.48 -0.88 1.16 0.73 -0.67 -22.91 36.68 52.69
-0.07 0.48 -0.88 1.16 0.73 -0.67 -22.91 36.68 52.69
-0.07 0.48 -0.88 1.22 0.92 -0.79 -22.91 36.68 52.69
-0.07 0.48 -0.88 1.22 0.92 -0.79 -22.91 36.68 52.69
-0.07 0.48 -0.88 1.22 0.85 -0.85 -22.91 36.68 52.69
-0.06 0.48 -0.89 1.04 0.85 -0.85 -22.91 36.68 52.69
-0.06 0.48 -0.89 1.04 0.85 -0.85 -22.91 36.68 52.69
-0.06 0.48 -0.89 1.10 0.79 -0.92 -22.91 36.68 52.69
-0.06 0.48 -0.89 1.10 0.79 -0.92 -22.91 36.68 52.69
-0.06 0.48 -0.89 1.10 0.79 -0.92 -22.91 36.68 52.69
-0.06 0.48 -0.89 1.28 0.73 -0.92 -22.91 36.68 52.69
-0.06 0.48 -0.89 1.28 0.73 -0.92 -22.91 36.68 52.69
-0.06 0.48 -0.89 1.28 0.73 -0.92 -22.96 37.11 52.98
-0.07 0.48 -0.89 0.92 0.79 -0.79 -22.96 37.11 52.98
-0.07 0.48 -0.89 0.92 0.79 -0.79 -22.96 37.11 52.98
-0.07 0.48 -0.89 0.92 0.79 -0.79 -22.96 37.11 52.98
-0.07 0.48 -0.88 1.22 0.85 -0.79 -22.96 37.11 52.98
-0.07 0.48 -0.88 1.22 0.85 -0.79 -22.96 37.11 52.98
-0.07 0.48 -0.88 1.22 0.85 -0.79 -22.96 37.11 52.98
-0.07 0.48 -0.88 1.40 0.85 -0.98 -22.96 37.11 52.98
-0.07 0.48 -0.88 1.40 0.85 -0.98 -22.96 37.11 52.98
-0.07 0.48 -0.88 1.40 0.85 -0.98 -22.96 37.11 52.98
-0.08 0.48 -0.88 0.98 0.92 -0.79 -22.96 37.11 52.98
-0.08 0.48 -0.88 0.98 0.92 -0.79 -22.96 37.11 52.98
-0.08 0.48 -0.88 0.98 0.92 -0.79 -22.96 37.11 52.98
-0.08 0.48 -0.89 0.98 0.79 -0.79 -22.96 37.11 52.98
-0.08 0.48 -0.89 0.98 0.79 -0.79 -22.96 37.11 52.98
-0.08 0.48 -0.89 0.85 0.73 -0.85 -22.96 37.11 52.98
-0.08 0.47 -0.89 0.85 0.73 -0.85 -22.96 37.11 52.98
-0.08 0.47 -0.89 0.85 0.73 -0.85 -23.39 36.68 53.67
-0.08 0.47 -0.89 0.49 0.79 -0.79 -23.39 36.68 53.67
-0.09 0.46 -0.89 0.49 0.79 -0.79 -23.39 36.68 53.67
-0.09 0.46 -0.89 0.49 0.79 -0.79 -23.39 36.68 53.67
-0.09 0.49 -0.90 0.92 0.79 -0.61 -23.39 36.68 53.67
-0.08 0.49 -0.90 0.92 0.79 -0.61 -23.39 36.68 53.67
-0.08 0.49 -0.90 0.92 0.79 -0.61 -23.39 36.68 53.67
-0.07 0.49 -0.87 2.44 1.10 -0.85 -23.39 36.68 53.67
-0.07 0.49 -0.87 2.44 1.10 -0.85 -23.39 36.68 53.67
-0.07 0.49 -0.87 2.44 1.10 -0.85 -23.39 36.68 53.67
-0.07 0.50 -0.86 3.42 0.55 -1.04 -23.39 36.68 53.67
-0.07 0.50 -0.86 3.42 0.55 -1.04 -23.39 36.68 53.67
-0.07 0.50 -0.86 3.42 0.55 -1.04 -23.39 36.68 53.67
-0.07 0.49 -0.89 -2.99 0.98 -0.31 -23.39 36.68 53.67
-0.07 0.49 -0.89 -2.99 0.98 -0.31 -23.39 36.68 53.67
-0.07 0.49 -0.89 -2.99 0.98 -0.31 -23.39 36.68 53.67
-0.07 0.49 -0.88 3.11 0.37 -0.98 -23.39 36.68 53.67
-0.07 0.49 -0.88 3.11 0.37 -0.98 -23.22 36.40 53.30
-0.07 0.49 -0.88 3.11 0.37 -0.49 -23.22 36.40 53.30
-0.07 0.45 -0.90 -1.53 1.16 -0.49 -23.22 36.40 53.30
-0.07 0.45 -0.90 -1.53 1.16 -0.49 -23.22 36.40 53.30
-0.07 0.45 -0.90 2.14 0.43 -0.98 -23.22 36.40 53.30
-0.06 0.47 -0.88 2.14 0.43 -0.98 -23.22 36.40 53.30
-0.06 0.47 -0.88 2.14 0.43 -0.98 -23.22 36.40 53.30
-0.06 0.47 -0.91 -1.40 1.16 -0.73 -23.22 36.40 53.30
-0.06 0.45 -0.91 -1.40 1.16 -0.73 -23.22 36.40 53.30
-0.06 0.45 -0.91 -1.40 1.16 -0.73 -23.22 36.40 53.30
-0.06 0.44 -0.90 2.69 0.85 -0.92 -23.22 36.40 53.30
-0.06 0.44 -0.90 2.69 0.85 -0.92 -23.22 36.40 53.30
-0.06 0.44 -0.90 2.69 0.85 -0.92 -23.22 36.40 53.30
-0.07 0.48 -0.88 1.77 0.55 -1.10 -23.22 36.40 53.30
-0.07 0.48 -0.88 1.77 0.55 -1.10 -23.22 36.40 53.30
-0.07 0.48 -0.88 1.77 0.55 -1.10 -23.22 36.40 53.30
-0.07 0.52 -0.88 2.26 0.37 -1.10 -23.22 36.40 53.30
-0.07 0.52 -0.88 2.26 0.37 -1.10 -22.86 36.93 53.20
-0.07 0.52 -0.88 2.26 0.37 -1.10 -22.86 36.93 53.20
-0.07 0.50 -0.87 1.65 0.85 -0.73 -22.86 36.93 53.20
-0.07 0.50 -0.87 1.65 0.85 -0.73 -22.86 36.93 53.20
-0.07 0.50 -0.87 1.65 0.85 -0.73 -22.86 36.93 53.20
-0.07 0.49 -0.88 1.22 1.04 -0.73 -22.86 36.93 53.20
-0.07 0.49 -0.88 1.22 1.04 -0.73 -22.86 36.93 53.20
-0.07 0.49 -0.88 1.22 1.04 -0.67 -22.86 36.93 53.20
-0.07 0.49 -0.88 -0.55 0.98 -0.67 -22.86 36.93 53.20
-0.07 0.49 -0.88 -0.55 0.98 -0.67 -22.86 36.93 53.20
-0.07 0.49 -0.88 0.98 0.73 -0.67 -22.86 36.93 53.20
-0.08 0.47 -0.89 0.98 0.73 -0.67 -22.86 36.93 53.20
-0.08 0.47 -0.89 0.98 0.73 -0.67 -22.86 36.93 53.20
-0.08 0.44 -0.89 0.37 0.92 -0.61 -22.86 36.93 53.20
-0.08 0.46 -0.89 0.37 0.92 -0.61 -22.86 36.93 53.20
-0.08 0.46 -0.89 0.37 0.92 -0.61 -22.86 36.93 53.20
-0.08 0.46 -0.90 0.67 0.67 -0.73 -23.00 36.96 53.03
-0.08 0.46 -0.90 0.67 0.67 -0.73 -23.00 36.96 53.03
-0.08 0.46 -0.90 0.67 0.67 -0.73 -23.00 36.96 53.03
-0.08 0.47 -0.89 1.10 0.67 -0.79 -23.00 36.96 53.03
-0.08 0.47 -0.89 1.10 0.67 -0.79 -23.00 36.96 53.03
-0.08 0.47 -0.89 1.10 0.67 -0.79 -23.00 36.96 53.03
-0.08 0.47 -0.89 2.01 0.85 -0.98 -23.00 36.96 53.03
-0.08 0.47 -0.89 2.01 0.85 -0.98 -23.00 36.96 53.03
-0.08 0.47 -0.89 2.01 0.85 -0.98 -23.00 36.96 53.03
-0.07 0.48 -0.88 1.46 0.92 -0.85 -23.00 36.96 53.03
-0.07 0.48 -0.88 1.46 0.92 -0.85 -23.00 36.96 53.03
-0.07 0.48 -0.88 1.46 0.92 -0.85 -23.00 36.96 53.03
-0.07 0.50 -0.88 1.83 0.73 -0.98 -23.00 36.96 53.03
-0.07 0.50 -0.88 1.83 0.73 -0.98 -23.00 36.96 53.03
-0.07 0.50 -0.88 1.83 0.67 -0.85 -23.00 36.96 53.03
-0.07 0.50 -0.88 1.22 0.67 -0.85 -23.00 36.96 53.03
-0.07 0.50 -0.88 1.22 0.67 -0.85 -23.00 36.96 53.03
-0.07 0.50 -0.88 1.28 0.73 -0.98 -23.22 36.79 53.80
-0.07 0.48 -0.88 1.28 0.73 -0.98 -23.22 36.79 53.80
-0.07 0.48 -0.88 1.28 0.73 -0.98 -23.22 36.79 53.80
-0.07 0.48 -0.90 -0.55 0.85 -0.55 -23.22 36.79 53.80
-0.07 0.47 -0.90 -0.55 0.85 -0.55 -23.22 36.79 53.80
-0.07 0.47 -0.90 -0.55 0.85 -0.55 -23.22 36.79 53.80
-0.07 0.48 -0.89 0.61 0.73 -0.73 -23.22 36.79 53.80
-0.07 0.48 -0.89 0.61 0.73 -0.73 -23.22 36.79 53.80
-0.07 0.48 -0.89 0.61 0.73 -0.73 -23.22 36.79 53.80
-0.07 0.46 -0.90 1.22 0.98 -0.79 -23.22 36.79 53.80
-0.07 0.46 -0.90 1.22 0.98 -0.79 -23.22 36.79 53.80
-0.07 0.46 -0.90 1.22 0.98 -0.79 -23.22 36.79 53.80
-0.06 0.49 -0.88 1.04 1.04 -0.98 -23.22 36.79 53.80
-0.06 0.49 -0.88 1.04 1.04 -0.98 -23.22 36.79 53.80
-0.06 0.49 -0.88 1.04 1.04 -0.98 -23.22 36.79 53.80
-0.06 0.48 -0.89 2.69 0.73 -1.10 -23.22 36.79 53.80
-0.06 0.48 -0.89 2.69 0.73 -1.10 -23.22 36.79 53.80
-0.06 0.48 -0.89 2.69 0.73 -1.10 -23.12 36.58 53.88
-0.06 0.46 -0.90 -1.83 1.16 -0.61 -23.12 36.58 53.88
-0.06 0.46 -0.90 -1.83 1.16 -0.61 -23.12 36.58 53.88
-0.06 0.46 -0.90 -1.83 0.43 -1.10 -23.12 36.58 53.88
-0.06 0.48 -0.87 4.09 0.43 -1.10 -23.12 36.58 53.88
-0.06 0.48 -0.87 4.09 0.43 -1.10 -23.12 36.58 53.88
-0.06 0.48 -0.87 -0.73 0.92 -0.73 -23.12 36.58 53.88
-0.07 0.48 -0.90 -0.73 0.92 -0.73 -23.12 36.58 53.88
-0.07 0.48 -0.90 -0.73 0.92 -0.73 -23.12 36.58 53.88
-0.07 0.48 -0.86 2.50 0.67 -1.10 -23.12 36.58 53.88
-0.07 0.50 -0.86 2.50 0.67 -1.10 -23.12 36.58 53.88
-0.07 0.50 -0.86 2.50 0.67 -1.10 -23.12 36.58 53.88
-0.08 0.49 -0.89 0.92 0.79 -0.79 -23.12 36.58 53.88
-0.08 0.49 -0.89 0.92 0.79 -0.79 -23.12 36.58 53.88
-0.08 0.49 -0.89 0.92 0.79 -0.79 -23.12 36.58 53.88
-0.08 0.48 -0.88 -0.79 0.98 -0.67 -23.12 36.58 53.88
-0.08 0.48 -0.88 -0.79 0.98 -0.67 -23.12 36.58 53.88
-0.08 0.48 -0.88 -0.79 0.98 -0.67 -22.91 37.46 54.27
-0.08 0.47 -0.90 1.77 0.79 -1.04 -22.91 37.46 54.27
-0.08 0.47 -0.90 1.77 0.79 -1.04 -22.91 37.46 54.27
-0.08 0.47 -0.90 1.77 0.79 -1.04 -22.91 37.46 54.27
-0.08 0.46 -0.89 -1.16 1.16 -0.31 -22.91 37.46 54.27
-0.08 0.46 -0.89 -1.16 1.16 -0.31 -22.91 37.46 54.27
-0.08 0.46 -0.89 -1.16 1.16 -0.31 -22.91 37.46 54.27
-0.08 0.47 -0.88 3.42 0.55 -1.16 -22.91 37.46 54.27
-0.08 0.47 -0.88 3.42 0.55 -1.16 -22.91 37.46 54.27
-0.08 0.47 -0.88 -12.21 0.85 -0.85 -22.91 37.46 54.27
-0.08 0.49 -0.90 -0.24 0.85 -0.85 -22.91 37.46 54.27
-0.08 0.49 -0.90 -0.24 0.85 -0.85 -22.91 37.46 54.27
-0.08 0.49 -0.90 2.69 0.61 -1.10 -22.91 37.46 54.27
-0.08 0.49 -0.88 2.69 0.61 -1.10 -22.91 37.46 54.27
-0.08 0.49 -0.88 2.69 0.61 -1.10 -22.91 37.46 54.27
-0.08 0.48 -0.89 0.61 1.04 -0.92 -22.91 37.46 54.27
-0.07 0.48 -0.89 0.61 1.04 -0.92 -22.91 37.46 54.27
-0.07 0.48 -0.89 0.61 1.04 -0.92 -23.52 37.28 55.08
-0.06 0.48 -0.88 1.04 0.98 -0.73 -23.52 37.28 55.08
-0.06 0.48 -0.88 1.04 0.98 -0.73 -23.52 37.28 55.08
-0.06 0.48 -0.88 1.04 0.98 -0.73 -23.52 37.28 55.08
-0.06 0.48 -0.89 0.79 0.85 -0.49 -23.52 37.28 55.08
-0.06 0.48 -0.89 0.79 0.85 -0.49 -23.52 37.28 55.08
-0.06 0.48 -0.89 0.79 0.85 -0.49 -23.52 37.28 55.08
-0.07 0.48 -0.89 0.55 0.85 -0.79 -23.52 37.28 55.08
-0.07 0.48 -0.89 0.55 0.85 -0.79 -23.52 37.28 55.08
-0.07 0.48 -0.89 0.55 0.85 -0.79 -23.52 37.28 55.08
-0.07 0.48 -0.88 1.77 0.79 -1.04 -23.52 37.28 55.08
-0.07 0.48 -0.88 1.77 0.79 -1.04 -23.52 37.28 55.08
-0.07 0.48 -0.88 1.77 0.79 -0.85 -23.52 37.28 55.08
-0.07 0.48 -0.90 0.18 0.98 -0.85 -23.52 37.28 55.08
-0.07 0.48 -0.90 0.18 0.98 -0.85 -23.52 37.28 55.08
-0.07 0.48 -0.90 1.28 0.98 -0.92 -23.52 37.28 55.08
-0.07 0.47 -0.88 1.28 0.98 -0.92 -23.52 37.28 55.08
-0.07 0.47 -0.88 1.28 0.98 -0.92 -23.21 36.89 53.32
-0.07 0.47 -0.89 1.10 0.98 -0.79 -23.21 36.89 53.32
-0.07 0.47 -0.89 1.10 0.98 -0.79 -23.21 36.89 53.32
-0.07 0.47 -0.89 1.10 0.98 -0.79 -23.21 36.89 53.32
-0.07 0.48 -0.88 1.10 0.79 -0.79 -23.21 36.89 53.32
-0.07 0.48 -0.88 1.10 0.79 -0.79 -23.21 36.89 53.32
-0.07 0.48 -0.88 1.10 0.79 -0.79 -23.21 36.89 53.32
-0.07 0.49 -0.89 1.46 0.61 -0.98 -23.21 36.89 53.32
-0.07 0.49 -0.89 1.46 0.61 -0.98 -23.21 36.89 53.32
-0.07 0.49 -0.89 1.46 0.61 -0.98 -23.21 36.89 53.32
-0.08 0.49 -0.88 0.85 0.73 -0.85 -23.21 36.89 53.32
-0.08 0.49 -0.88 0.85 0.73 -0.85 -23.21 36.89 53.32
-0.08 0.49 -0.88 0.85 0.73 -0.85 -23.21 36.89 53.32
-0.08 0.49 -0.89 1.71 0.73 -0.92 -23.21 36.89 53.32
-0.08 0.49 -0.89 1.71 0.73 -0.92 -23.21 36.89 53.32
-0.08 0.49 -0.89 1.71 0.73 -0.92 -23.21 36.89 53.32
-0.08 0.48 -0.89 -0.31 1.10 -0.85 -23.21 36.89 53.32
-0.08 0.48 -0.89 -0.31 1.10 -0.85 -22.71 37.23 53.77
-0.08 0.48 -0.89 -0.31 1.10 -0.92 -22.71 37.23 53.77
-0.08 0.47 -0.88 1.59 0.92 -0.92 -22.71 37.23 53.77
-0.08 0.47 -0.88 1.59 0.92 -0.92 -22.71 37.23 53.77
-0.08 0.47 -0.88 0.31 0.98 -0.67 -22.71 37.23 53.77
-0.08 0.47 -0.89 0.31 0.98 -0.67 -22.71 37.23 53.77
-0.08 0.47 -0.89 0.31 0.98 -0.67 -22.71 37.23 53.77
-0.08 0.47 -0.88 1.16 0.85 -0.98 -22.71 37.23 53.77
-0.08 0.48 -0.88 1.16 0.85 -0.98 -22.71 37.23 53.77
-0.08 0.48 -0.88 1.16 0.85 -0.98 -22.71 37.23 53.77
-0.07 0.48 -0.89 1.46 0.67 -0.92 -22.71 37.23 53.77
-0.07 0.48 -0.89 1.46 0.67 -0.92 -22.71 37.23 53.77
-0.07 0.48 -0.89 1.46 0.67 -0.92 -22.71 37.23 53.77
-0.07 0.48 -0.89 0.92 0.73 -0.92 -22.71 37.23 53.77
-0.07 0.48 -0.89 0.92 0.73 -0.92 -22.71 37.23 53.77
-0.07 0.48 -0.89 0.92 0.73 -0.92 -22.71 37.23 53.77
-0.07 0.48 -0.89 1.46 0.79 -0.92 -22.71 37.23 53.77
-0.07 0.48 -0.89 1.46 0.79 -0.92 -23.25 36.79 52.44
-0.07 0.48 -0.89 1.46 0.79 -0.92 -23.25 36.79 52.44
-0.06 0.48 -0.89 0.79 0.85 -0.73 -23.25 36.79 52.44
-0.06 0.48 -0.89 0.79 0.85 -0.73 -23.25 36.79 52.44
-0.06 0.48 -0.89 0.79 0.85 -0.73 -23.25 36.79 52.44
-0.06 0.48 -0.88 1.28 0.92 -0.79 -23.25 36.79 52.44
-0.06 0.48 -0.88 1.28 0.92 -0.79 -23.25 36.79 52.44
-0.06 0.48 -0.88 1.28 0.92 -0.73 -23.25 36.79 52.44
-0.07 0.48 -0.89 0.67 0.92 -0.73 -23.25 36.79 52.44
-0.07 0.48 -0.89 0.67 0.92 -0.73 -23.25 36.79 52.44
-0.07 0.48 -0.89 1.22 0.85 -0.98 -23.25 36.79 52.44
-0.07 0.48 -0.88 1.22 0.85 -0.98 -23.25 36.79 52.44
-0.07 0.48 -0.88 1.22 0.85 -0.98 -23.25 36.79 52.44
-0.07 0.48 -0.89 0.67 0.73 -0.85 -23.25 36.79 52.44
-0.07 0.48 -0.89 0.67 0.73 -0.85 -23.25 36.79 52.44
-0.07 0.48 -0.89 0.67 0.73 -0.85 -23.25 36.79 52.44
-0.07 0.48 -0.89 0.92 0.98 -0.98 -23.25 36.79 52.44
-0.07 0.48 -0.89 0.92 0.98 -0.98 -23.22 37.06 54.05
-0.07 0.48 -0.89 0.92 0.98 -0.98 -23.22 37.06 54.05
-0.07 0.47 -0.89 1.28 0.92 -0.79 -23.22 37.06 54.05
-0.07 0.47 -0.89 1.28 0.92 -0.79 -23.22 37.06 54.05
-0.07 0.47 -0.89 1.28 0.92 -0.79 -23.22 37.06 54.05
-0.07 0.47 -0.89 0.61 0.98 -0.49 -23.22 37.06 54.05
-0.07 0.47 -0.89 0.61 0.98 -0.49 -23.22 37.06 54.05
-0.07 0.47 -0.89 0.61 0.98 -0.49 -23.22 37.06 54.05
-0.07 0.48 -0.88 1.71 0.79 -0.92 -23.22 37.06 54.05
-0.07 0.48 -0.88 1.71 0.79 -0.92 -23.22 37.06 54.05
-0.07 0.48 -0.88 1.71 0.79 -0.92 -23.22 37.06 54.05
-0.08 0.48 -0.89 0.92 0.92 -0.85 -23.22 37.06 54.05
-0.08 0.48 -0.89 0.92 0.92 -0.85 -23.22 37.06 54.05
-0.08 0.48 -0.89 0.92 0.73 -1.04 -23.22 37.06 54.05
-0.08 0.48 -0.88 1.34 0.73 -1.04 -23.22 37.06 54.05
-0.08 0.48 -0.88 1.34 0.73 -1.04 -23.22 37.06 54.05
-0.08 0.48 -0.88 0.79 0.92 -0.79 -23.22 37.06 53.26
-0.08 0.48 -0.89 0.79 0.92 -0.79 -23.21 36.55 53.26
-0.08 0.48 -0.89 0.79 0.92 -0.79 -23.21 36.55 53.26
-0.08 0.48 -0.88 0.98 0.73 -0.73 -23.21 36.55 53.26
-0.08 0.48 -0.88 0.98 0.73 -0.73 -23.21 36.55 53.26
-0.08 0.48 -0.88 0.98 0.73 -0.73 -23.21 36.55 53.26
-0.07 0.48 -0.89 0.92 0.92 -0.85 -23.21 36.55 53.26
-0.07 0.48 -0.89 0.92 0.92 -0.85 -23.21 36.55 53.26
-0.07 0.48 -0.89 0.92 0.92 -0.85 -23.21 36.55 53.26
-0.07 0.47 -0.88 0.98 0.92 -0.85 -23.21 36.55 53.26
-0.07 0.47 -0.88 0.98 0.92 -0.85 -23.21 36.55 53.26
-0.07 0.47 -0.88 0.98 0.92 -0.85 -23.21 36.55 53.26
-0.07 0.48 -0.89 1.34 0.85 -0.98 -23.21 36.55 53.26
-0.07 0.48 -0.89 1.34 0.85 -0.98 -23.21 36.55 53.26
-0.07 0.48 -0.89 1.34 0.85 -0.98 -23.21 36.55 53.26
-0.07 0.48 -0.89 0.79 0.92 -0.85 -23.21 36.55 53.26
-0.07 0.48 -0.89 0.79 0.92 -0.85 -23.21 36.55 53.26
-0.07 0.48 -0.89 0.79 0.92 -0.85 -23.21 36.33 55.03
-0.07 0.48 -0.89 1.22 0.67 -0.73 -22.97 36.33 55.03
-0.07 0.48 -0.89 1.22 0.67 -0.73 -22.97 36.33 55.03
-0.07 0.48 -0.89 1.22 0.61 -0.61 -22.97 36.33 55.03
-0.07 0.48 -0.89 0.85 0.61 -0.61 -22.97 36.33 55.03
-0.07 0.48 -0.89 0.85 0.61 -0.61 -22.97 36.33 55.03
-0.07 0.48 -0.89 1.22 0.79 -0.67 -22.97 36.33 55.03
-0.07 0.48 -0.88 1.22 0.79 -0.67 -22.97 36.33 55.03
-0.07 0.48 -0.88 1.22 0.79 -0.67 -22.97 36.33 55.03
-0.07 0.48 -0.88 1.28 0.98 -0.85 -22.97 36.33 55.03
-0.06 0.48 -0.88 1.28 0.98 -0.85 -22.97 36.33 55.03
-0.06 0.48 -0.88 1.28 0.98 -0.85 -22.97 36.33 55.03
-0.07 0.48 -0.88 1.10 0.92 -0.85 -22.97 36.33 55.03
-0.07 0.48 -0.88 1.10 0.92 -0.85 -22.97 36.33 55.03
-0.07 0.48 -0.88 1.10 0.92 -0.85 -22.97 36.33 55.03
-0.07 0.48 -0.89 1.04 0.79 -0.92 -22.97 36.33 55.03
-0.07 0.48 -0.89 1.04 0.79 -0.92 -22.97 36.33 55.03
-0.07 0.48 -0.89 1.04 0.79 -0.92 -23.17 36.54 53.97
-0.07 0.48 -0.89 0.92 0.79 -0.92 -23.17 36.54 53.97
-0.07 0.48 -0.89 0.92 0.79 -0.92 -23.17 36.54 53.97
-0.07 0.48 -0.89 0.92 0.79 -0.92 -23.17 36.54 53.97
-0.07 0.48 -0.89 1.04 0.73 -0.73 -23.17 36.54 53.97
-0.07 0.48 -0.89 1.04 0.73 -0.73 -23.17 36.54 53.97
-0.07 0.48 -0.89 1.04 0.73 -0.73 -23.17 36.54 53.97
-0.07 0.48 -0.89 1.16 0.85 -0.85 -23.17 36.54 53.97
-0.07 0.48 -0.89 1.16 0.85 -0.85 -23.17 36.54 53.97
-0.07 0.48 -0.89 1.16 0.98 -0.92 -23.17 36.54 53.97
-0.08 0.48 -0.88 1.53 0.98 -0.92 -23.17 36.54 53.97
-0.08 0.48 -0.88 1.53 0.98 -0.92 -23.17 36.54 53.97
-0.08 0.48 -0.88 1.22 0.85 -0.85 -23.17 36.54 53.97
-0.08 0.48 -0.88 1.22 0.85 -0.85 -23.17 36.54 53.97
-0.08 0.48 -0.88 1.22 0.85 -0.85 -23.17 36.54 53.97
-0.08 0.48 -0.88 1.04 0.85 -0.98 -23.17 36.54 53.97
-0.08 0.48 -0.88 1.04 0.85 -0.98 -23.17 36.54 53.97
-0.08 0.48 -0.88 1.04 0.85 -0.98 -23.28 36.66 54.42
-0.08 0.48 -0.89 1.16 0.85 -0.98 -23.28 36.66 54.42
-0.08 0.48 -0.89 1.16 0.85 -0.98 -23.28 36.66 54.42
-0.08 0.48 -0.89 1.16 0.85 -0.98 -23.28 36.66 54.42
-0.08 0.48 -0.89 0.67 0.85 -0.67 -23.28 36.66 54.42
-0.08 0.48 -0.89 0.67 0.85 -0.67 -23.28 36.66 54.42
-0.08 0.48 -0.89 0.67 0.85 -0.67 -23.28 36.66 54.42
-0.07 0.48 -0.89 1.16 0.92 -0.98 -23.28 36.66 54.42
-0.07 0.48 -0.89 1.16 0.92 -0.98 -23.28 36.66 54.42
-0.07 0.48 -0.89 1.16 0.92 -0.98 -23.28 36.66 54.42
-0.07 0.48 -0.89 1.04 0.98 -0.98 -23.28 36.66 54.42
-0.07 0.48 -0.89 1.04 0.98 -0.98 -23.28 36.66 54.42
-0.07 0.48 -0.89 1.04 0.98 -0.92 -23.28 36.66 54.42
-0.07 0.48 -0.88 1.04 0.79 -0.92 -23.28 36.66 54.42
-0.07 0.48 -0.88 1.04 0.79 -0.92 -23.28 36.66 54.42
-0.07 0.48 -0.88 1.22 0.79 -0.92 -23.28 36.66 54.42
-0.07 0.48 -0.89 1.22 0.79 -0.92 -23.28 36.66 54.42
-0.07 0.48 -0.89 1.22 0.79 -0.92 -23.56 36.66 53.36
-0.07 0.48 -0.89 1.10 0.67 -0.92 -23.56 36.66 53.36
-0.07 0.48 -0.89 1.10 0.67 -0.92 -23.56 36.66 53.36
-0.07 0.48 -0.89 1.10 0.67 -0.92 -23.56 36.66 53.36
