xAccel,yAccel,zAccel,xGyro,yGyro,zGyro,xMag,yMag,zMag
-0.03,-0.86,0.73,-10.62,-0.55,-2.93,-18.03,32.90,-25.65
-0.10,-0.97,0.67,-15.56,-1.59,-4.03,-18.03,32.90,-25.65
-0.09,-0.97,0.67,-15.56,-1.59,-4.03,-18.03,32.90,-25.65
-0.05,-0.36,0.94,-63.60,-2.99,-8.48,-20.56,28.52,-23.93
-0.05,-0.36,0.94,-57.74,0.31,-10.31,-20.56,28.52,-23.93
-0.05,-0.32,0.92,-57.74,0.31,-10.31,-20.56,28.52,-23.93
-0.05,-0.33,0.90,-53.04,0.12,-13.67,-20.56,28.52,-23.93
-0.05,-0.33,0.90,-53.04,0.12,-13.67,-20.56,28.52,-23.93
-0.02,-0.36,0.88,-47.12,-1.95,-17.88,-20.56,28.52,-23.93
-0.02,-0.36,0.88,-47.12,-1.95,-17.88,-20.56,28.52,-23.93
-0.03,-0.36,0.90,-40.59,-4.94,-19.35,-20.56,28.52,-23.93
-0.03,-0.36,0.93,-33.69,-7.39,-17.58,-20.56,28.52,-23.93
-0.01,-0.36,0.93,-33.69,-7.39,-17.58,-20.56,28.52,-23.93
-0.01,-0.38,0.94,-28.87,-7.51,-16.17,-20.56,28.52,-24.55
-0.01,-0.38,0.94,-28.87,-7.51,-16.17,-20.96,26.73,-24.55
-0.03,-0.41,0.95,-23.01,-6.23,-12.45,-20.96,26.73,-24.55
-0.03,-0.41,0.95,-15.99,-4.64,-6.04,-20.96,26.73,-24.55
-0.03,-0.42,1.00,-15.99,-4.64,-6.04,-20.96,26.73,-24.55
-0.01,-0.47,0.96,-6.29,-0.24,0.00,-20.96,26.73,-24.55
-0.01,-0.47,0.96,-6.29,-0.24,0.00,-20.96,26.73,-24.55
-0.02,-0.37,1.19,6.29,2.20,13.12,-20.96,26.73,-24.55
-0.02,-0.37,1.19,-5.68,2.69,12.82,-20.96,26.73,-24.55
-0.05,-0.54,0.97,-1.59,10.93,8.73,-20.69,27.50,-23.50
-0.05,-0.54,0.97,-1.59,10.93,8.73,-20.69,27.50,-23.50
-0.04,-0.45,1.02,-1.40,13.31,12.45,-20.69,27.50,-23.50
-0.04,-0.45,1.02,-1.40,13.31,12.45,-20.69,27.50,-23.50
-0.06,-0.36,1.05,-6.41,15.56,13.79,-20.69,27.50,-23.50
-0.06,-0.36,1.04,-16.72,16.48,14.16,-20.69,27.50,-23.50
-0.05,-0.32,1.04,-16.72,16.48,14.16,-20.69,27.50,-23.50
-0.02,-0.34,1.04,-32.65,15.56,10.50,-20.69,27.50,-23.50
-0.02,-0.34,1.04,-32.65,15.56,10.50,-20.69,27.50,-23.50
-0.01,-0.37,1.06,-47.06,13.49,8.12,-19.92,27.48,-25.48
-0.01,-0.37,1.06,-47.06,12.63,9.89,-19.92,27.48,-25.48
-0.05,-0.36,0.91,-38.15,26.00,12.15,-19.92,27.48,-25.48
-0.05,-0.36,0.91,-38.15,26.00,12.15,-19.92,27.48,-25.48
-0.03,-0.35,0.91,-43.58,27.22,20.39,-19.92,27.48,-25.48
-0.03,-0.35,0.91,-57.43,25.70,27.77,-19.92,27.48,-25.48
-0.09,-0.29,0.65,-8.06,56.52,27.71,-17.16,26.38,-23.54
-0.10,-0.07,0.56,1.40,67.50,19.71,-17.16,26.38,-23.54
-0.10,-0.07,0.56,1.40,67.50,19.71,-17.16,26.38,-23.54
-0.52,-0.05,0.33,12.76,63.29,-1.34,-17.16,26.38,-23.54
-0.52,-0.05,0.33,12.76,63.29,-1.34,-17.16,26.38,-23.54
-0.02,-0.19,1.13,-35.64,-76.48,-24.29,-18.55,24.98,-23.06
-0.02,-0.19,1.13,-53.47,-95.64,-29.79,-18.55,24.98,-23.06
-0.03,-0.14,1.17,-53.47,-95.64,-29.79,-18.55,24.98,-23.06
-0.09,-0.07,1.33,-58.65,-101.32,-38.82,-18.55,24.98,-23.06
-0.09,-0.07,1.33,-58.65,-101.32,-38.82,-18.55,24.98,-23.06
-0.16,-0.05,1.41,-53.96,-90.88,-49.44,-18.55,24.98,-23.06
-0.16,-0.05,1.41,-53.96,-70.50,-58.04,-18.55,24.98,-23.06
-0.21,0.00,1.35,-47.97,-70.50,-58.04,-18.55,24.98,-23.06
-0.20,-0.04,1.25,-42.36,-46.75,-68.73,-18.55,24.98,-23.06
-0.20,-0.04,1.25,-42.36,-46.75,-68.73,-18.55,24.98,-23.06
-0.19,-0.12,1.13,-32.29,-22.95,-77.64,-18.55,24.98,-21.45
-0.19,-0.12,1.13,-32.29,-22.95,-77.64,-19.89,22.72,-21.45
-0.12,-0.21,1.09,-23.68,-5.92,-80.51,-19.89,22.72,-21.45
-0.12,-0.21,1.09,-13.43,6.35,-78.31,-19.89,22.72,-21.45
-0.11,-0.18,1.06,-13.43,6.35,-78.31,-19.89,22.72,-21.45
-0.18,-0.13,1.06,-0.67,18.43,-73.43,-19.89,22.72,-21.45
-0.18,-0.13,1.06,-0.67,18.43,-73.43,-19.89,22.72,-21.45
-0.16,-0.23,0.98,6.16,30.33,-74.04,-19.89,22.72,-21.45
-0.16,-0.23,0.98,6.16,30.33,-78.86,-19.89,22.72,-21.45
-0.06,-0.43,0.83,12.33,39.61,-78.86,-19.89,22.72,-21.45
-0.02,-0.40,0.79,13.06,34.91,-67.87,-19.89,22.72,-21.45
-0.02,-0.40,0.79,13.06,34.91,-67.87,-19.17,21.35,-21.34
-0.01,-0.37,0.48,-24.60,-87.83,-33.02,-19.17,21.35,-21.34
-0.26,-0.53,0.64,-51.64,-116.27,-38.02,-19.17,21.35,-21.34
-0.26,-0.53,0.64,-51.64,-116.27,-38.02,-19.17,21.35,-21.34
-0.37,-0.73,1.02,-74.65,-146.36,-28.02,-19.17,21.35,-21.34
-0.37,-0.73,1.02,-74.65,-146.36,-28.02,-19.17,21.35,-21.34
-0.37,-0.73,1.25,-87.83,-149.84,-3.78,-21.75,19.64,-18.41
-0.16,-0.20,1.57,-83.50,-134.95,34.67,-21.75,19.64,-18.41
-0.16,-0.20,1.57,-83.50,-134.95,34.67,-21.75,19.64,-18.41
-0.06,0.03,1.49,-69.21,-90.21,53.89,-21.75,19.64,-18.41
-0.06,0.03,1.49,-69.21,-90.21,53.89,-21.75,19.64,-18.41
-0.07,0.18,1.22,-58.11,-47.79,48.83,-21.75,19.64,-18.41
-0.07,0.18,1.22,-34.24,-28.69,40.95,-21.75,19.64,-18.41
-0.07,0.38,1.06,-34.24,-28.69,40.95,-21.75,19.64,-18.41
-0.03,0.30,0.92,-19.90,-18.55,21.12,-21.75,19.64,-18.41
-0.03,0.30,0.92,-19.90,-18.55,21.12,-21.75,19.64,-18.41
-0.04,0.07,0.81,-13.61,-18.31,-2.20,-23.75,20.13,-18.13
-0.04,0.07,0.81,-13.61,-27.28,-12.51,-23.75,20.13,-18.13
-0.12,-0.10,0.78,-14.16,-27.28,-12.51,-23.75,20.13,-18.13
-0.12,-0.27,0.74,-19.23,-35.34,-10.01,-23.75,20.13,-18.13
-0.12,-0.27,0.74,-19.23,-35.34,-10.01,-23.75,20.13,-18.13
-0.26,-0.19,0.91,-13.12,-41.63,1.10,-23.75,20.13,-18.13
-0.26,-0.19,0.91,-13.12,-41.63,1.10,-23.75,20.13,-18.13
-0.28,-0.25,0.81,-2.81,-39.43,12.70,-23.75,20.13,-18.13
-0.28,-0.25,0.81,0.73,-40.16,22.03,-23.75,20.13,-18.13
-0.33,-0.23,0.91,0.73,-40.16,22.03,-23.75,20.13,-18.13
-0.33,-0.19,0.92,-4.39,-44.92,28.63,-25.98,20.97,-15.69
-0.33,-0.19,0.92,-4.39,-44.92,28.63,-25.98,20.97,-15.69
-0.32,-0.10,1.06,-19.90,-56.15,28.75,-25.98,20.97,-15.69
-0.32,-0.10,1.06,-19.90,-56.15,28.75,-25.98,20.97,-15.69
-0.30,-0.10,1.18,-35.46,-63.72,21.85,-25.98,20.97,-15.69
-0.30,-0.16,1.26,-40.22,-60.18,15.44,-25.98,20.97,-15.69
-0.30,-0.16,1.26,-40.22,-60.18,15.44,-25.98,20.97,-15.69
-0.29,-0.27,1.26,-37.60,-45.04,13.98,-25.98,20.97,-15.69
-0.29,-0.27,1.26,-37.60,-45.04,13.98,-25.98,20.97,-15.69
-0.40,-0.35,1.18,-32.59,-26.55,20.20,-25.98,20.97,-15.69
-0.40,-0.35,1.18,-28.14,-8.91,32.59,-26.76,21.20,-16.04
-0.48,-0.36,1.11,-28.14,-8.91,32.59,-26.76,21.20,-16.04
-0.41,-0.36,0.94,-20.51,9.58,47.97,-26.76,21.20,-16.04
-0.41,-0.36,0.94,-20.51,9.58,47.97,-26.76,21.20,-16.04
-0.40,-0.16,0.84,-12.51,24.84,66.41,-26.76,21.20,-16.04
-0.40,-0.16,0.84,-12.51,24.84,66.41,-26.76,21.20,-16.04
-0.39,0.00,0.74,-13.06,27.47,76.66,-26.76,21.20,-16.04
-0.39,0.22,0.82,-16.72,19.23,72.57,-26.76,21.20,-16.04
-0.41,0.22,0.82,-16.72,19.23,72.57,-26.76,21.20,-16.04
-0.42,0.30,0.99,-22.71,1.77,53.83,-26.76,21.20,-16.04
-0.42,0.30,0.99,-22.71,1.77,53.83,-27.01,23.71,-16.63
-0.40,0.14,1.02,-14.71,-7.45,25.09,-27.01,23.71,-16.63
-0.40,0.14,1.02,-14.71,0.24,9.77,-27.01,23.71,-16.63
-0.33,0.00,0.87,2.81,0.24,9.77,-27.01,23.71,-16.63
-0.26,-0.05,0.73,8.36,13.24,14.59,-27.01,23.71,-16.63
-0.26,-0.05,0.73,8.36,13.24,14.59,-27.01,23.71,-16.63
-0.27,0.22,0.73,2.62,14.16,21.79,-27.01,23.71,-16.63
-0.27,0.22,0.73,2.62,14.16,21.79,-27.01,23.71,-16.63
-0.29,0.10,0.67,-12.39,-2.93,5.43,-27.01,23.71,-16.63
-0.29,0.10,0.67,-12.33,-24.11,-3.17,-27.01,23.71,-16.63
-0.29,0.33,0.98,-12.33,-24.11,-3.17,-27.16,24.34,-16.16
-0.14,0.38,0.84,-2.81,-2.44,-5.43,-27.16,24.34,-16.16
-0.14,0.38,0.84,-2.81,-2.44,-5.43,-27.16,24.34,-16.16
-0.13,0.30,0.77,10.31,10.80,-17.33,-27.16,24.34,-16.16
-0.13,0.30,0.77,10.31,10.80,-17.33,-27.16,24.34,-16.16
-0.25,0.04,0.80,10.07,2.26,-37.35,-27.16,24.34,-16.16
-0.25,0.04,0.90,0.12,-14.22,-48.95,-27.16,24.34,-16.16
-0.36,-0.12,0.89,0.12,-14.22,-48.95,-27.16,24.34,-16.16
-0.55,-0.49,0.96,-3.85,-21.12,-49.99,-27.16,24.34,-16.16
-0.55,-0.49,0.96,-3.85,-21.12,-49.99,-27.16,24.34,-16.16
-0.51,-0.55,1.00,-6.35,-20.57,-36.68,-27.16,23.71,-17.24
-0.51,-0.55,1.00,-6.35,-16.24,-10.38,-26.57,23.71,-17.24
-0.43,-0.41,0.93,-5.07,-16.24,-10.38,-26.57,23.71,-17.24
-0.34,-0.23,0.77,4.09,-7.20,9.52,-26.57,23.71,-17.24
-0.34,-0.23,0.77,4.09,-7.20,9.52,-26.57,23.71,-17.24
-0.27,-0.02,0.76,7.93,-9.40,20.45,-26.57,23.71,-17.24
-0.27,-0.02,0.76,7.93,-9.40,20.45,-26.57,23.71,-17.24
-0.20,0.21,0.89,-0.24,-23.86,17.70,-26.57,23.71,-17.24
-0.20,0.21,0.89,-8.61,-39.12,1.59,-26.57,23.71,-17.24
-0.10,0.38,1.00,-8.61,-39.12,1.59,-26.57,23.71,-17.24
-0.15,0.39,1.02,57.01,-54.87,-41.02,-27.34,23.68,-14.53
-0.15,0.39,1.02,57.01,-54.87,-41.02,-27.34,23.68,-14.53
-0.12,0.11,0.86,40.22,-56.58,-66.53,-27.34,23.68,-14.53
-0.12,0.11,0.86,57.98,-49.80,-75.68,-27.34,23.68,-14.53
-0.21,-0.04,0.85,57.98,-49.80,-75.68,-27.34,23.68,-14.53
-0.37,-0.26,0.74,77.27,-47.18,-75.93,-27.34,23.68,-14.53
-0.37,-0.26,0.74,77.27,-47.18,-75.93,-27.34,23.68,-14.53
-0.44,-0.32,0.71,82.52,-51.57,-71.11,-27.34,23.68,-14.53
-0.44,-0.32,0.71,82.52,-51.57,-55.48,-27.34,23.68,-14.53
-0.39,-0.23,0.80,82.28,-59.75,-59.57,-28.61,22.63,-14.05
-0.49,-0.17,0.82,80.57,-66.28,-53.96,-28.61,22.63,-14.05
-0.49,-0.17,0.82,80.57,-66.28,-53.96,-28.61,22.63,-14.05
-0.53,-0.30,0.86,55.30,-68.97,-52.25,-28.61,22.63,-14.05
-0.53,-0.30,0.86,55.30,-68.97,-52.25,-28.61,22.63,-14.05
-0.46,-0.51,0.78,24.41,-67.20,-50.54,-28.61,22.63,-14.05
-0.46,-0.51,0.75,9.89,-62.26,-33.20,-28.61,22.63,-14.05
-0.42,-0.60,0.74,9.89,-62.26,-33.20,-28.61,22.63,-14.05
-0.43,-0.50,0.70,14.53,-61.10,-7.39,-28.61,22.63,-14.05
-0.43,-0.50,0.70,14.53,-61.10,-7.39,-28.61,22.63,-14.05
-0.42,-0.26,0.76,15.56,-65.73,14.83,-30.14,22.08,-11.94
-0.42,-0.26,0.76,15.56,-65.73,24.66,-30.14,22.08,-11.94
-0.46,-0.14,0.89,12.51,-68.54,24.66,-30.14,22.08,-11.94
-0.53,-0.02,1.01,9.40,-63.23,26.73,-30.14,22.08,-11.94
-0.53,-0.02,1.01,9.40,-63.23,26.73,-30.14,22.08,-11.94
-0.57,0.01,1.13,0.43,-49.07,27.65,-30.14,22.08,-11.94
-0.57,0.01,1.13,0.43,-49.07,27.65,-30.14,22.08,-11.94
-0.56,-0.04,1.11,2.62,-30.27,23.62,-30.14,22.08,-11.94
-0.56,-0.04,1.11,12.70,-16.36,20.02,-30.14,22.08,-11.94
-0.50,-0.19,1.13,12.70,-16.36,20.02,-30.14,22.08,-11.94
-0.49,-0.14,1.15,25.15,-2.69,24.23,-31.51,23.78,-10.05
-0.49,-0.14,1.15,25.15,-2.69,24.23,-31.51,23.78,-10.05
-0.40,-0.18,1.17,34.55,14.83,30.46,-31.51,23.78,-10.05
-0.40,-0.18,1.17,34.55,14.83,30.46,-31.51,23.78,-10.05
-0.43,-0.28,1.01,50.90,31.31,31.80,-31.51,23.78,-10.05
-0.43,-0.28,1.01,65.98,42.91,37.66,-31.51,23.78,-10.05
-0.42,-0.30,0.78,65.98,42.91,37.66,-31.51,23.78,-10.05
-0.45,-0.41,0.57,73.43,43.58,45.29,-31.51,23.78,-10.05
-0.45,-0.41,0.57,73.43,43.58,45.29,-31.51,23.78,-10.05
-0.34,-0.43,0.45,70.01,32.84,54.38,-31.51,23.78,-10.05
-0.34,-0.43,0.45,70.01,32.84,54.38,-30.93,27.10,-12.92
-0.25,-0.29,0.55,66.04,8.36,63.11,-30.93,27.10,-12.92
-0.41,-0.23,0.74,55.24,-18.68,61.71,-30.93,27.10,-12.92
-0.41,-0.23,0.74,55.24,-18.68,61.71,-30.93,27.10,-12.92
-0.41,-0.29,0.82,56.52,-29.97,56.76,-30.93,27.10,-12.92
-0.41,-0.29,0.82,56.52,-29.97,56.76,-30.93,27.10,-12.92
-0.43,-0.37,0.81,70.13,-27.89,58.72,-30.93,27.10,-12.92
-0.43,-0.37,0.81,85.75,-25.88,66.59,-30.93,27.10,-12.92
-0.43,-0.37,0.79,87.04,-25.88,66.59,-30.93,27.10,-12.92
-0.45,-0.34,0.81,94.30,-25.76,73.91,-30.93,27.10,-12.92
-0.45,-0.34,0.81,94.30,-25.76,73.91,-32.45,31.87,-11.51
-0.47,-0.31,0.77,94.48,-26.43,76.23,-32.45,31.87,-11.51
-0.47,-0.31,0.77,94.48,-26.43,76.23,-32.45,31.87,-11.51
-0.47,-0.31,0.71,90.27,-31.25,74.71,-32.45,31.87,-11.51
-0.47,-0.17,0.76,71.11,-41.02,69.21,-32.45,31.87,-11.51
-0.51,-0.17,0.76,71.11,-41.02,69.21,-32.45,31.87,-11.51
-0.42,-0.30,0.81,56.03,-50.84,57.25,-32.45,31.87,-11.51
-0.42,-0.30,0.81,56.03,-50.84,57.25,-32.45,31.87,-11.51
-0.45,-0.44,0.78,50.54,-51.88,50.96,-32.45,31.87,-11.51
-0.45,-0.44,0.78,50.54,-50.96,56.70,-32.45,31.87,-11.51
-0.45,-0.41,0.78,47.73,-50.96,56.70,-32.45,36.00,-10.85
-0.45,-0.42,0.76,48.34,-50.11,60.61,-34.42,36.00,-10.85
-0.45,-0.42,0.76,48.34,-50.11,60.61,-34.42,36.00,-10.85
-0.48,-0.42,0.73,47.85,-52.98,61.58,-34.42,36.00,-10.85
-0.48,-0.42,0.73,47.85,-52.98,61.58,-34.42,36.00,-10.85
-0.45,-0.47,0.71,44.62,-59.81,58.11,-34.42,36.00,-10.85
-0.45,-0.47,0.71,44.86,-69.64,56.46,-34.42,36.00,-10.85
-0.38,-0.46,0.83,44.86,-69.64,56.46,-34.42,36.00,-10.85
-0.45,-0.38,0.93,54.20,-73.67,52.86,-34.42,36.00,-10.85
-0.45,-0.38,0.93,54.20,-73.67,52.86,-34.42,36.00,-10.85
-0.52,-0.41,0.90,58.59,-69.58,44.62,-34.42,36.00,-10.85
-0.52,-0.41,0.90,58.59,-69.58,38.88,-35.84,38.83,-7.14
-0.58,-0.37,0.81,59.63,-65.80,38.88,-35.84,38.83,-7.14
-0.67,-0.36,0.67,52.49,-61.77,34.36,-35.84,38.83,-7.14
-0.67,-0.36,0.67,52.49,-61.77,34.36,-35.84,38.83,-7.14
-0.64,-0.39,0.69,46.63,-60.49,28.32,-35.84,38.83,-7.14
-0.64,-0.39,0.69,46.63,-60.49,28.32,-35.84,38.83,-7.14
-0.57,-0.51,0.86,49.26,-61.16,23.50,-35.84,38.83,-7.14
-0.57,-0.51,0.86,67.26,-50.72,24.54,-35.84,38.83,-7.14
-0.61,-0.64,0.92,67.26,-50.72,24.54,-35.84,38.83,-7.14
-0.63,-0.67,0.92,91.00,-30.21,31.62,-35.84,38.83,-7.14
-0.63,-0.67,0.92,91.00,-30.21,31.62,-36.34,42.35,-3.99
-0.66,-0.51,0.90,114.75,-10.93,38.51,-36.34,42.35,-3.99
-0.66,-0.51,0.90,114.75,-10.93,38.51,-36.34,42.35,-3.99
-0.62,-0.49,0.92,124.63,-1.04,34.97,-36.34,42.35,-3.99
-0.62,-0.55,0.91,137.27,6.35,27.10,-36.34,42.35,-3.99
-0.63,-0.53,0.91,137.27,6.35,27.10,-36.34,42.35,-3.99
-0.65,-0.52,0.90,141.24,15.20,19.84,-36.34,42.35,-3.99
-0.65,-0.52,0.90,141.24,15.20,19.84,-36.34,42.35,-3.99
-0.59,-0.47,0.89,129.88,23.32,10.38,-36.34,42.35,-3.99
-0.59,-0.47,0.89,129.88,23.32,-0.37,-36.34,42.35,-3.99
-0.54,-0.49,0.74,114.50,31.80,-0.37,-35.90,44.68,-3.39
-0.45,-0.49,0.57,95.83,37.72,-8.61,-35.90,44.68,-3.39
-0.45,-0.49,0.57,95.83,37.72,-8.61,-35.90,44.68,-3.39
-0.41,-0.66,0.50,74.22,33.51,-14.89,-35.90,44.68,-3.39
-0.41,-0.66,0.50,74.22,33.51,-14.89,-35.90,44.68,-3.39
-0.36,-0.77,0.54,61.16,26.92,-14.95,-35.90,44.68,-3.39
-0.36,-0.77,0.54,53.04,23.13,-5.92,-35.90,44.68,-3.39
-0.34,-0.69,0.46,53.04,23.13,-5.92,-35.90,44.68,-3.39
-0.28,-0.69,0.41,49.44,18.49,1.89,-35.90,44.68,-3.39
-0.28,-0.69,0.41,49.44,18.49,1.89,-35.90,44.68,-3.39
-0.55,-0.93,0.21,-8.67,-1.16,-4.39,-34.97,45.31,-3.22
-0.55,-0.93,0.21,-11.66,-30.09,4.64,-34.97,45.31,-3.22
-0.40,-0.58,0.59,-11.66,-30.09,4.64,-34.97,45.31,-3.22
-0.42,-0.50,0.51,-18.55,-31.49,12.39,-34.97,45.31,-3.22
-0.42,-0.50,0.51,-18.55,-31.49,12.39,-34.97,45.31,-3.22
-0.46,-0.56,0.44,-38.94,-32.29,5.43,-34.97,45.31,-3.22
-0.46,-0.56,0.44,-38.94,-32.29,5.43,-34.97,45.31,-3.22
-0.45,-0.59,0.60,-54.32,-41.32,3.05,-34.97,45.31,-3.22
-0.45,-0.51,0.57,-55.66,-43.70,2.75,-36.44,45.14,-2.34
-0.46,-0.51,0.57,-55.66,-43.70,2.75,-36.44,45.14,-2.34
-0.47,-0.55,0.58,-52.12,-43.88,-0.06,-36.44,45.14,-2.34
-0.47,-0.55,0.58,-52.12,-43.88,-0.06,-36.44,45.14,-2.34
-0.52,-0.64,0.67,-50.72,-46.33,-2.75,-36.44,45.14,-2.34
-0.52,-0.64,0.67,-50.72,-43.70,-3.11,-36.44,45.14,-2.34
-0.53,-0.62,0.61,-47.73,-43.70,-3.11,-36.44,45.14,-2.34
-0.59,-0.71,0.60,-46.33,-40.16,-3.42,-36.44,45.14,-2.34
-0.59,-0.71,0.60,-46.33,-40.16,-3.42,-36.44,45.14,-2.34
-0.56,-0.65,0.67,-40.65,-41.93,-2.01,-36.44,45.14,-2.34
-0.56,-0.65,0.67,-40.65,-41.93,-2.01,-39.56,44.51,-2.03
-0.58,-0.67,0.65,-41.02,-39.25,-1.22,-38.00,44.51,-2.03
-0.58,-0.67,0.65,-44.86,-37.29,-1.59,-38.00,44.51,-2.03
-0.58,-0.69,0.67,-44.86,-37.29,-1.59,-38.00,44.51,-2.03
-0.58,-0.64,0.66,-38.76,-34.48,0.06,-38.00,44.51,-2.03
-0.58,-0.64,0.66,-38.76,-34.48,0.06,-38.00,44.51,-2.03
-0.59,-0.64,0.68,-27.95,-32.17,0.43,-38.00,44.51,-2.03
-0.59,-0.64,0.68,-27.95,-32.17,0.43,-38.00,44.51,-2.03
-0.61,-0.60,0.70,-19.84,-29.91,0.12,-38.00,44.51,-2.03
-0.61,-0.60,0.70,-18.92,-24.96,-2.81,-38.00,44.51,-2.03
-0.63,-0.61,0.70,-18.92,-24.96,-2.81,-38.00,44.51,-2.03
-0.62,-0.64,0.63,-14.16,-16.66,-6.35,-38.38,44.10,-0.77
-0.62,-0.64,0.63,-14.16,-16.66,-6.35,-38.38,44.10,-0.77
-0.62,-0.60,0.68,-4.88,-18.37,-4.21,-38.38,44.10,-0.77
-0.62,-0.60,0.68,-4.88,-18.37,-4.21,-38.38,44.10,-0.77
-0.59,-0.62,0.69,1.04,-15.81,-3.66,-38.38,44.10,-0.77
-0.50,-0.42,0.62,-5.92,-10.50,-2.87,-38.38,44.10,-0.77
-0.50,-0.42,0.62,-5.92,-10.50,-2.87,-38.38,44.10,-0.77
-0.64,-0.77,0.72,-17.52,-7.87,-6.59,-38.38,44.10,-0.77
-0.64,-0.77,0.72,-17.52,-7.87,-6.59,-38.38,44.10,-0.77
-0.54,-0.53,0.67,3.05,-8.97,2.69,-38.38,44.10,-0.77
-0.54,-0.53,0.67,3.05,-8.97,2.38,-38.85,43.93,-0.07
-0.53,-0.57,0.60,5.43,-6.90,2.38,-38.85,43.93,-0.07
-0.52,-0.53,0.60,3.54,-8.91,3.42,-38.85,43.93,-0.07
-0.52,-0.53,0.60,3.54,-8.91,3.42,-38.85,43.93,-0.07
-0.53,-0.51,0.62,-0.79,-11.66,2.50,-38.85,43.93,-0.07
-0.53,-0.51,0.62,-0.79,-11.66,2.50,-38.85,43.93,-0.07
-0.53,-0.55,0.62,-8.06,-12.39,0.31,-38.85,43.93,-0.07
-0.53,-0.55,0.62,-8.06,-13.31,-0.12,-38.85,43.93,-0.07
-0.56,-0.55,0.66,-15.81,-13.31,-0.12,-38.85,43.93,-0.07
-0.60,-0.53,0.69,-24.23,-12.45,-0.18,-38.85,43.93,-0.07
-0.60,-0.53,0.69,-24.23,-12.45,-0.18,-38.60,44.01,-1.26
-0.62,-0.55,0.72,-32.53,-9.70,-1.53,-38.60,44.01,-1.26
-0.62,-0.55,0.72,-32.53,-9.70,-1.53,-38.60,44.01,-1.26
-0.62,-0.53,0.68,-34.48,-5.92,-2.38,-38.60,44.01,-1.26
-0.62,-0.53,0.68,-38.27,-3.91,-3.66,-38.60,44.01,-1.26
-0.61,-0.54,0.66,-38.27,-3.91,-3.66,-38.60,44.01,-1.26
-0.59,-0.52,0.59,-39.06,-2.56,-4.33,-38.60,44.01,-1.26
-0.59,-0.52,0.59,-39.06,-2.56,-4.33,-38.60,44.01,-1.26
-0.49,-0.35,0.51,-47.12,-4.82,-5.37,-38.60,44.01,-1.26
-0.49,-0.35,0.51,-47.12,-4.82,-5.37,-38.60,44.01,-1.26
-0.64,-0.72,0.82,-72.33,-11.35,-10.62,-38.82,42.81,-0.67
-0.64,-0.72,0.82,-47.73,-12.02,-4.76,-38.82,42.81,-0.67
-0.61,-0.50,0.67,-47.73,-12.02,-4.76,-38.82,42.81,-0.67
-0.59,-0.52,0.66,-40.47,-6.10,-5.92,-38.82,42.81,-0.67
-0.59,-0.52,0.66,-40.47,-6.10,-5.92,-38.82,42.81,-0.67
-0.58,-0.49,0.67,-40.95,-7.69,-7.81,-38.82,42.81,-0.67
-0.58,-0.49,0.67,-40.95,-7.69,-7.81,-38.82,42.81,-0.67
-0.49,-0.27,0.54,-46.26,-7.08,-9.64,-38.82,42.81,-0.67
-0.62,-0.65,0.79,-67.38,-12.27,-17.03,-38.82,42.81,-0.67
-0.62,-0.65,0.79,-67.38,-12.27,-17.03,-38.82,42.81,-0.67
-0.53,-0.44,0.73,-44.25,-12.57,-6.41,-38.82,41.81,-0.68
-0.53,-0.44,0.73,-44.25,-12.57,-6.41,-38.92,41.81,-0.68
-0.53,-0.47,0.62,-39.43,-6.71,-4.76,-38.92,41.81,-0.68
-0.53,-0.47,0.62,-39.43,-6.10,-4.82,-38.92,41.81,-0.68
-0.53,-0.52,0.55,-37.78,-6.10,-4.82,-38.92,41.81,-0.68
-0.51,-0.52,0.59,-31.25,-10.56,-1.53,-38.92,41.81,-0.68
-0.51,-0.52,0.59,-31.25,-10.56,-1.53,-38.92,41.81,-0.68
-0.50,-0.50,0.57,-28.14,-13.73,2.69,-38.92,41.81,-0.68
-0.50,-0.50,0.57,-28.14,-13.73,2.69,-38.92,41.81,-0.68
-0.46,-0.50,0.55,-22.40,-15.62,6.04,-38.92,41.81,-0.68
-0.46,-0.50,0.55,-36.56,-17.46,5.68,-38.92,41.81,-0.68
-0.67,-0.72,0.64,-36.56,-17.46,5.68,-39.51,41.88,-0.71
-0.54,-0.48,0.75,-26.37,-20.51,9.64,-39.51,41.88,-0.71
-0.54,-0.48,0.75,-26.37,-20.51,9.64,-39.51,41.88,-0.71
-0.55,-0.48,0.72,-5.19,-14.04,19.17,-39.51,41.88,-0.71
-0.55,-0.48,0.72,-5.19,-14.04,19.17,-39.51,41.88,-0.71
-0.50,-0.45,0.58,2.75,-11.41,14.83,-39.51,41.88,-0.71
-0.50,-0.63,0.63,-12.82,-11.78,8.18,-39.51,41.88,-0.71
-0.66,-0.65,0.63,-12.82,-11.78,8.18,-39.51,41.88,-0.71
-0.56,-0.59,0.76,-9.28,-17.21,5.13,-39.51,41.88,-0.71
-0.56,-0.59,0.76,-9.28,-17.21,5.13,-39.51,41.88,-0.71
-0.56,-0.55,0.59,5.13,-11.35,11.96,-39.36,41.85,0.94
-0.56,-0.55,0.59,5.13,-11.35,7.51,-39.36,41.85,0.94
-0.67,-0.66,0.58,-10.56,-14.40,7.51,-39.36,41.85,0.94
-0.60,-0.54,0.83,-7.87,-23.80,5.31,-39.36,41.85,0.94
-0.60,-0.54,0.83,-7.87,-23.80,5.31,-39.36,41.85,0.94
-0.60,-0.49,0.68,6.59,-14.53,9.58,-39.36,41.85,0.94
-0.60,-0.49,0.68,6.59,-14.53,9.58,-39.36,41.85,0.94
-0.57,-0.48,0.57,3.97,-11.47,6.16,-39.36,41.85,0.94
-0.57,-0.48,0.57,3.97,-12.39,1.16,-39.36,41.85,0.94
-0.63,-0.59,0.62,-9.03,-12.39,1.16,-39.36,41.85,0.94
-0.58,-0.48,0.67,-6.84,-16.11,0.12,-40.21,42.08,1.00
-0.58,-0.48,0.67,-6.84,-16.11,0.12,-40.21,42.08,1.00
-0.65,-0.51,0.65,-7.39,-12.57,2.32,-40.21,42.08,1.00
-0.65,-0.51,0.65,-7.39,-12.57,2.32,-40.21,42.08,1.00
-0.63,-0.44,0.85,-1.83,-14.59,0.24,-40.21,42.08,1.00
-0.63,-0.44,0.85,13.79,-3.42,0.18,-40.21,42.08,1.00
-0.66,-0.41,0.82,14.28,-3.42,0.18,-40.21,42.08,1.00
-0.68,-0.48,0.79,33.39,6.84,-4.82,-40.21,42.08,1.00
-0.68,-0.48,0.79,33.39,6.84,-4.82,-40.21,42.08,1.00
-0.69,-0.54,0.64,65.25,15.93,-5.62,-40.21,42.08,1.00
-0.69,-0.54,0.64,65.25,15.93,-5.62,-40.42,42.08,1.20
-0.64,-0.49,0.66,73.49,15.87,-1.59,-40.42,42.08,1.20
-0.64,-0.49,0.66,53.41,10.74,2.56,-40.42,42.08,1.20
-0.66,-0.50,0.60,53.41,10.74,2.56,-40.42,42.08,1.20
-0.62,-0.50,0.60,40.22,8.18,3.48,-40.42,42.08,1.20
-0.62,-0.50,0.60,40.22,8.18,3.48,-40.42,42.08,1.20
-0.61,-0.53,0.58,25.51,6.35,4.39,-40.42,42.08,1.20
-0.61,-0.53,0.58,25.51,6.35,4.39,-40.42,42.08,1.20
-0.59,-0.55,0.56,18.43,6.23,4.27,-40.42,42.08,1.20
-0.59,-0.55,0.56,17.46,3.54,5.80,-40.42,42.08,1.20
-0.58,-0.53,0.60,17.46,3.54,5.80,-40.42,42.08,1.20
-0.58,-0.51,0.61,19.29,3.11,6.59,-39.99,42.54,1.28
-0.58,-0.51,0.61,19.29,3.11,6.59,-39.99,42.54,1.28
-0.59,-0.50,0.63,21.73,2.69,6.77,-39.99,42.54,1.28
-0.59,-0.50,0.63,21.73,2.69,6.77,-39.99,42.54,1.28
-0.60,-0.53,0.67,24.41,2.56,5.37,-39.99,42.54,1.28
-0.60,-0.53,0.67,25.82,4.94,4.94,-39.99,42.54,1.28
-0.60,-0.55,0.67,25.82,4.94,4.94,-39.99,42.54,1.28
-0.59,-0.56,0.64,28.26,7.26,5.13,-39.99,42.54,1.28
-0.59,-0.56,0.64,28.26,7.26,5.13,-39.99,42.54,1.28
-0.57,-0.56,0.62,29.48,8.06,5.37,-39.99,42.54,1.28
-0.57,-0.56,0.62,29.48,8.06,5.37,-40.11,43.01,0.61
-0.57,-0.59,0.59,29.48,7.63,5.13,-40.11,43.01,0.61
-0.57,-0.59,0.55,27.34,6.35,6.65,-40.11,43.01,0.61
-0.57,-0.61,0.55,27.34,6.35,6.65,-40.11,43.01,0.61
-0.55,-0.58,0.55,23.44,4.15,8.48,-40.11,43.01,0.61
-0.55,-0.58,0.55,23.44,4.15,8.48,-40.11,43.01,0.61
-0.54,-0.57,0.55,19.47,1.22,9.22,-40.11,43.01,0.61
-0.54,-0.57,0.55,19.47,1.22,9.22,-40.11,43.01,0.61
-0.54,-0.58,0.58,16.17,-1.59,8.61,-40.11,43.01,0.61
-0.54,-0.58,0.60,12.45,-2.99,9.09,-40.11,43.01,0.61
-0.55,-0.58,0.60,12.45,-2.99,9.09,-40.16,43.35,1.12
-0.55,-0.56,0.61,9.09,-3.72,9.46,-40.16,43.35,1.12
-0.55,-0.56,0.61,9.09,-3.72,9.46,-40.16,43.35,1.12
-0.57,-0.58,0.61,6.53,-3.72,9.09,-40.16,43.35,1.12
-0.57,-0.58,0.61,6.53,-3.72,8.48,-40.16,43.35,1.12
-0.57,-0.60,0.64,5.74,-3.66,8.48,-40.16,43.35,1.12
-0.57,-0.61,0.63,7.02,-2.38,9.34,-40.16,43.35,1.12
-0.57,-0.61,0.63,7.02,-2.38,9.34,-40.16,43.35,1.12
-0.57,-0.60,0.60,9.22,-0.79,10.74,-40.16,43.35,1.12
-0.57,-0.60,0.60,9.22,-0.79,10.74,-40.16,43.35,1.12
-0.57,-0.58,0.61,10.62,-0.85,11.23,-39.94,44.73,1.82
-0.57,-0.58,0.61,10.62,-0.85,10.99,-39.94,44.73,1.82
-0.54,-0.62,0.60,12.94,-0.49,10.99,-39.94,44.73,1.82
-0.54,-0.70,0.45,21.36,1.04,12.08,-39.94,44.73,1.82
-0.54,-0.70,0.45,21.36,1.04,12.08,-39.94,44.73,1.82
-0.54,-0.52,0.59,22.28,-1.65,17.27,-39.94,44.73,1.82
-0.54,-0.52,0.59,22.28,-1.65,17.27,-39.94,44.73,1.82
-0.57,-0.53,0.59,18.01,-2.62,14.28,-39.94,44.73,1.82
-0.57,-0.53,0.59,18.01,-1.71,10.38,-39.94,44.73,1.82
-0.59,-0.57,0.55,16.36,-1.71,10.38,-39.94,44.73,1.82
-0.57,-0.58,0.51,12.88,-2.32,7.87,-39.94,44.73,1.82
-0.57,-0.58,0.51,12.88,-2.32,7.87,-39.12,45.24,1.75
-0.56,-0.58,0.56,7.32,-5.74,6.84,-39.12,45.24,1.75
-0.56,-0.58,0.56,7.32,-5.74,6.84,-39.12,45.24,1.75
-0.59,-0.69,0.71,3.36,-6.65,5.25,-39.12,45.24,1.75
-0.59,-0.69,0.71,-1.40,7.57,8.12,-39.12,45.24,1.75
-0.60,-0.65,0.56,-1.40,7.57,8.12,-39.12,45.24,1.75
-0.60,-0.63,0.55,-0.67,16.85,11.35,-39.12,45.24,1.75
-0.60,-0.63,0.55,-0.67,16.85,11.35,-39.12,45.24,1.75
-0.58,-0.59,0.63,-0.67,8.79,11.47,-39.12,45.24,1.75
-0.58,-0.59,0.63,-0.67,8.79,11.47,-39.12,45.24,1.75
-0.58,-0.58,0.60,1.95,4.39,9.52,-39.49,46.17,1.90
-0.58,-0.58,0.60,2.08,1.59,7.26,-39.49,46.17,1.90
-0.57,-0.57,0.60,2.08,1.59,7.26,-39.49,46.17,1.90
-0.56,-0.59,0.60,2.08,1.53,5.19,-39.49,46.17,1.90
-0.56,-0.59,0.60,2.08,1.53,5.19,-39.49,46.17,1.90
-0.55,-0.59,0.59,0.98,1.28,3.97,-39.49,46.17,1.90
-0.55,-0.59,0.59,0.98,1.28,3.97,-39.49,46.17,1.90
-0.52,-0.58,0.61,0.73,2.38,4.70,-39.49,46.17,1.90
-0.52,-0.58,0.57,-0.18,6.47,5.98,-39.49,46.17,1.90
-0.52,-0.65,0.56,-0.18,6.47,5.98,-39.49,46.17,1.90
-0.53,-0.62,0.59,-1.40,7.39,8.48,-40.08,46.92,2.67
-0.53,-0.62,0.59,-1.40,7.39,8.48,-40.08,46.92,2.67
-0.56,-0.61,0.58,-3.48,8.61,9.52,-40.08,46.92,2.67
-0.56,-0.61,0.58,-3.48,8.61,9.52,-40.08,46.92,2.67
-0.55,-0.60,0.58,-4.33,8.54,10.80,-40.08,46.92,2.67
-0.55,-0.57,0.60,-2.99,11.78,10.44,-40.08,46.92,2.67
-0.55,-0.58,0.60,-2.99,11.78,10.44,-40.08,46.92,2.67
-0.57,-0.57,0.62,-4.03,13.67,10.01,-40.08,46.92,2.67
-0.57,-0.57,0.62,-4.03,13.67,10.01,-40.08,46.92,2.67
-0.57,-0.61,0.58,-2.62,17.40,9.28,-40.08,46.92,2.67
-0.57,-0.61,0.58,-2.62,17.40,9.28,-39.78,48.30,1.09
-0.56,-0.53,0.64,-1.40,17.21,8.91,-39.78,48.30,1.09
-0.55,-0.53,0.66,-0.43,16.66,8.42,-39.78,48.30,1.09
-0.55,-0.53,0.66,-0.43,16.66,8.42,-39.78,48.30,1.09
-0.57,-0.46,0.72,1.10,14.71,11.29,-39.78,48.30,1.09
-0.57,-0.46,0.72,1.10,14.71,11.29,-39.78,48.30,1.09
-0.56,-0.23,0.92,2.50,19.10,11.41,-39.78,48.30,1.09
-0.56,-0.23,0.92,2.50,35.83,-3.66,-39.78,48.30,1.09
-0.57,-0.23,0.89,-0.24,35.83,-3.66,-39.78,48.30,1.09
-0.58,-0.18,0.94,-2.32,48.34,-17.03,-39.78,48.30,1.09
-0.58,-0.18,0.94,-2.32,48.34,-17.03,-39.78,48.30,-2.04
-0.58,-0.22,0.90,-8.00,58.78,-33.57,-40.23,47.79,-0.23
-0.58,-0.22,0.90,-8.00,58.78,-33.57,-40.23,47.79,-0.23
-0.62,-0.45,0.74,-14.65,67.32,-52.49,-40.23,47.79,-0.23
-0.62,-0.45,0.74,-15.93,64.15,-63.84,-40.23,47.79,-0.23
-0.56,-0.55,0.72,-15.93,64.15,-63.84,-40.23,47.79,-0.23
-0.53,-0.67,0.68,-6.41,54.32,-70.92,-40.23,47.79,-0.23
-0.53,-0.67,0.68,-6.41,54.32,-70.92,-40.23,47.79,-0.23
-0.53,-0.67,0.61,6.23,45.65,-74.22,-40.23,47.79,-0.23
-0.53,-0.67,0.61,6.23,45.65,-74.22,-40.23,47.79,-0.23
-0.55,-0.79,0.44,22.64,43.64,-73.73,-40.23,47.79,-0.23
-0.55,-0.79,0.35,33.75,43.21,-65.80,-40.19,42.52,-2.78
-0.51,-0.99,0.35,33.75,43.21,-65.80,-40.19,42.52,-2.78
-0.56,-1.00,0.30,34.12,32.04,-49.93,-40.19,42.52,-2.78
-0.56,-1.00,0.30,34.12,32.04,-49.93,-40.19,42.52,-2.78
-0.53,-0.97,0.28,27.10,16.42,-32.96,-40.19,42.52,-2.78
-0.53,-0.97,0.28,27.10,16.42,-17.33,-40.19,42.52,-2.78
-0.53,-0.87,0.42,18.55,0.12,-15.87,-40.19,42.52,-2.78
-0.56,-0.82,0.47,16.97,-11.60,-6.77,-40.19,42.52,-2.78
-0.55,-0.82,0.47,16.97,-11.60,-6.77,-40.19,42.52,-2.78
-0.53,-0.76,0.54,17.40,-20.75,-4.21,-40.19,42.52,-2.78
-0.53,-0.76,0.54,17.40,-20.75,-4.21,-39.70,41.67,-1.92
-0.51,-0.65,0.58,17.33,-31.37,2.08,-39.70,41.67,-1.92
-0.51,-0.65,0.58,1.71,-31.80,8.91,-39.70,41.67,-1.92
-0.51,-0.62,0.74,14.16,-31.80,8.91,-39.70,41.67,-1.92
-0.53,-0.54,0.57,12.76,-11.35,14.22,-39.70,41.67,-1.92
-0.53,-0.54,0.57,12.76,-11.35,14.22,-39.70,41.67,-1.92
-0.54,-0.54,0.58,10.25,-7.45,15.14,-39.70,41.67,-1.92
-0.54,-0.54,0.58,10.25,-7.45,15.14,-39.70,41.67,-1.92
-0.52,-0.51,0.54,7.08,-9.83,15.08,-39.70,41.67,-1.92
-0.52,-0.51,0.54,3.72,-12.57,13.61,-39.70,41.67,-1.92
-0.50,-0.49,0.56,3.72,-12.57,13.61,-39.25,42.44,-2.17
-0.50,-0.50,0.56,0.06,-16.11,10.13,-39.25,42.44,-2.17
-0.50,-0.50,0.56,0.06,-16.11,10.13,-39.25,42.44,-2.17
-0.50,-0.57,0.85,-5.00,-14.40,7.45,-39.25,42.44,-2.17
-0.50,-0.57,0.85,-5.00,-14.40,7.45,-39.25,42.44,-2.17
-0.57,-0.64,0.62,-5.86,12.57,8.61,-39.25,42.44,-2.17
-0.57,-0.58,0.64,-8.30,12.70,11.78,-39.25,42.44,-2.17
-0.58,-0.58,0.64,-8.30,12.70,11.78,-39.25,42.44,-2.17
-0.63,-0.60,0.55,-5.37,2.93,14.47,-39.25,42.44,-2.17
-0.63,-0.60,0.55,-5.37,2.93,14.47,-39.25,42.44,-2.17
-0.68,-0.60,0.52,-2.56,0.24,13.31,-40.16,44.32,-3.42
-0.68,-0.60,0.52,-2.56,-15.38,12.39,-40.16,44.32,-3.42
-0.74,-0.62,0.46,0.73,-1.22,12.39,-40.16,44.32,-3.42
-0.77,-0.68,0.43,9.16,-5.43,12.33,-40.16,44.32,-3.42
-0.77,-0.68,0.43,9.16,-5.43,12.33,-40.16,44.32,-3.42
-0.79,-0.69,0.37,20.57,-11.60,11.96,-40.16,44.32,-3.42
-0.79,-0.69,0.37,20.57,-11.60,11.96,-40.16,44.32,-3.42
-0.72,-0.67,0.41,16.78,-19.10,10.93,-40.16,44.32,-3.42
-0.72,-0.67,0.41,4.33,-26.49,8.48,-40.16,44.32,-3.42
-0.70,-0.59,0.50,4.33,-26.49,8.48,-40.16,44.32,-3.42
-0.64,-0.52,0.64,22.40,-21.61,5.00,-40.82,45.53,-1.07
-0.64,-0.52,0.64,22.40,-21.61,5.00,-40.82,45.53,-1.07
-0.60,-0.63,0.57,38.33,-17.40,-3.05,-40.82,45.53,-1.07
-0.60,-0.63,0.57,38.33,-17.40,-3.05,-40.82,45.53,-1.07
-0.56,-0.57,0.63,43.82,-25.88,-0.49,-40.82,45.53,-1.07
-0.56,-0.57,0.63,44.68,-24.72,-7.08,-40.82,45.53,-1.07
-0.55,-0.65,0.54,44.68,-24.72,-7.08,-40.82,45.53,-1.07
-0.48,-0.71,0.59,44.01,-27.22,-7.39,-40.82,45.53,-1.07
-0.48,-0.71,0.59,44.01,-27.22,-7.39,-40.82,45.53,-1.07
-0.39,-0.55,0.80,51.45,-30.82,-5.62,-40.82,45.53,-1.07
-0.39,-0.55,0.80,51.45,-30.82,-5.62,-40.82,45.53,-1.07
-0.39,-0.71,0.61,47.06,-29.48,-4.88,-40.89,45.91,0.87
-0.45,-0.74,0.53,42.54,-28.75,-1.59,-40.89,45.91,0.87
-0.44,-0.74,0.53,42.54,-28.75,-1.59,-40.89,45.91,0.87
-0.41,-0.71,0.60,40.47,-31.92,3.30,-40.89,45.91,0.87
-0.41,-0.71,0.60,40.47,-31.92,3.30,-40.89,45.91,0.87
-0.40,-0.71,0.59,35.40,-33.51,4.94,-40.89,45.91,0.87
-0.40,-0.71,0.59,35.40,-33.51,9.70,-40.89,45.91,0.87
-0.38,-0.74,0.58,28.26,-34.12,9.70,-40.89,45.91,0.87
-0.38,-0.76,0.58,21.79,-32.29,13.37,-40.89,45.91,0.87
-0.38,-0.76,0.58,21.79,-32.29,13.37,-40.89,45.91,0.87
-0.34,-0.59,0.78,16.85,-31.98,19.47,-39.89,46.50,3.05
-0.34,-0.59,0.78,16.85,-31.98,19.47,-39.89,46.50,3.05
-0.33,-0.69,0.67,10.19,-24.96,19.65,-39.89,46.50,3.05
-0.33,-0.69,0.67,4.76,-17.33,18.37,-39.89,46.50,3.05
-0.34,-0.58,0.80,4.76,-17.33,18.37,-39.89,46.50,3.05
-0.40,-0.60,0.74,2.32,-6.16,15.99,-39.89,46.50,3.05
-0.40,-0.60,0.74,2.32,-6.16,15.99,-39.89,46.50,3.05
-0.43,-0.59,0.69,3.23,3.23,14.83,-39.89,46.50,3.05
-0.43,-0.59,0.69,3.23,3.23,14.83,-39.89,46.50,3.05
-0.58,-0.54,0.64,6.77,9.83,10.99,-39.89,46.50,3.05
-0.58,-0.54,0.64,3.60,17.64,4.70,-39.59,47.53,2.53
-0.65,-0.61,0.46,3.60,17.64,4.70,-39.59,47.53,2.53
-0.65,-0.71,0.43,-6.65,19.78,3.66,-39.59,47.53,2.53
-0.65,-0.71,0.43,-6.65,19.78,3.66,-39.59,47.53,2.53
-0.69,-0.72,0.44,-5.19,14.53,1.53,-39.59,47.53,2.53
-0.69,-0.72,0.44,-5.19,14.53,1.53,-39.59,47.53,2.53
-0.72,-0.69,0.47,0.49,2.87,-3.85,-39.59,47.53,2.53
-0.72,-0.65,0.47,3.78,-11.96,-11.11,-39.59,47.53,2.53
-0.73,-0.63,0.47,3.78,-11.96,-11.11,-39.59,47.53,2.53
-0.70,-0.59,0.44,4.64,-23.25,-20.26,-39.59,47.53,2.53
-0.70,-0.59,0.44,4.64,-23.25,-20.26,-39.33,46.55,2.32
-0.75,-0.59,0.51,-0.49,-31.01,-28.02,-39.33,46.55,2.32
-0.75,-0.59,0.51,-0.49,-31.01,-34.12,-39.33,46.55,2.32
-0.75,-0.78,0.85,-4.09,-40.47,-34.12,-39.33,46.55,2.32
-0.71,-0.72,0.86,0.00,-10.68,-21.79,-39.33,46.55,2.32
-0.71,-0.72,0.86,0.00,-10.68,-21.79,-39.33,46.55,2.32
-0.68,-0.50,0.61,12.57,25.02,-1.89,-39.33,46.55,2.32
-0.68,-0.50,0.61,12.57,25.02,-1.89,-39.33,46.55,2.32
-0.64,-0.45,0.62,14.34,32.17,-2.87,-39.33,46.55,2.32
-0.64,-0.45,0.62,14.34,33.33,-6.53,-39.33,46.55,2.32
-0.64,-0.41,0.63,16.48,33.33,-6.53,-39.33,46.04,3.14
-0.62,-0.44,0.57,19.10,39.55,-13.67,-38.83,46.04,3.14
-0.62,-0.44,0.57,19.10,39.55,-13.67,-38.83,46.04,3.14
-0.56,-0.45,0.52,20.81,42.54,-19.47,-38.83,46.04,3.14
-0.56,-0.45,0.52,20.81,42.54,-19.47,-38.83,46.04,3.14
-0.50,-0.42,0.50,22.16,42.24,-24.11,-38.83,46.04,3.14
-0.50,-0.42,0.50,20.45,40.89,-28.69,-38.83,46.04,3.14
-0.47,-0.39,0.43,20.45,40.89,-28.69,-38.83,46.04,3.14
-0.43,-0.42,0.43,19.29,36.68,-35.10,-38.83,46.04,3.14
-0.43,-0.42,0.43,19.29,36.68,-35.10,-38.83,46.04,3.14
-0.46,-0.41,0.44,16.97,31.01,-41.75,-38.83,46.04,3.14
-0.46,-0.41,0.44,16.97,31.01,-41.75,-39.27,44.01,1.59
-0.41,-0.72,0.48,10.07,26.06,-50.42,-39.27,44.01,1.59
-0.41,-0.78,0.42,8.06,25.21,-46.26,-39.27,44.01,1.59
-0.45,-0.77,0.42,8.06,25.21,-46.26,-39.27,44.01,1.59
-0.51,-0.87,0.46,6.90,20.39,-38.57,-39.27,44.01,1.59
-0.51,-0.87,0.46,6.90,20.39,-38.57,-39.27,44.01,1.59
-0.54,-1.00,0.46,6.84,18.25,-34.00,-39.27,44.01,1.59
-0.54,-1.00,0.46,6.84,18.25,-25.51,-39.27,44.01,1.59
-0.53,-0.96,0.47,6.16,17.40,-25.51,-39.27,44.01,1.59
-0.49,-0.90,0.52,6.35,14.47,-17.64,-39.27,44.01,1.59
-0.49,-0.90,0.52,6.35,14.47,-17.64,-39.01,42.08,0.67
-0.50,-0.80,0.50,8.73,12.51,-12.27,-39.01,42.08,0.67
-0.50,-0.80,0.50,8.73,12.51,-12.27,-39.01,42.08,0.67
-0.53,-0.70,0.42,6.16,10.74,-8.42,-39.01,42.08,0.67
-0.53,-0.70,0.42,6.16,6.29,-6.53,-39.01,42.08,0.67
-0.53,-0.60,0.31,2.01,6.29,-6.53,-39.01,42.08,0.67
-0.53,-0.56,0.31,2.32,-3.42,-6.23,-39.01,42.08,0.67
-0.53,-0.56,0.31,2.32,-3.42,-6.23,-39.01,42.08,0.67
-0.53,-0.60,0.30,4.94,-14.10,-8.42,-39.01,42.08,0.67
-0.53,-0.60,0.30,4.94,-14.10,-8.42,-39.01,42.08,0.67
-0.58,-0.64,0.28,7.02,-23.62,-9.34,-40.25,42.40,0.48
-0.58,-0.64,0.28,4.82,1.16,6.53,-40.25,42.40,0.48
-0.68,-0.85,0.68,4.82,1.16,6.53,-40.25,42.40,0.48
-0.85,-0.77,0.31,15.81,47.06,28.75,-40.25,42.40,0.48
-0.85,-0.77,0.31,15.81,47.06,28.75,-40.25,42.40,0.48
-0.77,-0.72,0.39,14.77,12.51,34.36,-40.25,42.40,0.48
-0.77,-0.72,0.39,14.77,12.51,34.36,-40.25,42.40,0.48
-0.71,-0.65,0.47,22.40,-9.89,32.90,-40.25,42.40,0.48
-0.71,-0.65,0.47,21.00,-24.78,27.34,-40.25,42.40,0.48
-0.64,-0.64,0.50,21.00,-24.78,27.34,-40.25,42.40,0.48
-0.62,-0.58,0.55,16.60,-31.13,20.32,-39.98,45.14,1.70
-0.62,-0.58,0.55,16.60,-31.13,20.32,-39.98,45.14,1.70
-0.57,-0.53,0.65,15.01,-29.54,15.20,-39.98,45.14,1.70
-0.57,-0.53,0.65,15.01,-29.54,15.20,-39.98,45.14,1.70
-0.56,-0.57,0.59,13.92,-22.71,12.63,-39.98,45.14,1.70
-0.56,-0.60,0.58,12.27,-14.83,10.74,-39.98,45.14,1.70
-0.53,-0.61,0.58,12.27,-14.83,10.74,-39.98,45.14,1.70
-0.49,-0.56,0.70,10.86,-9.03,10.13,-39.98,45.14,1.70
-0.49,-0.56,0.70,10.86,-9.03,10.13,-39.98,45.14,1.70
-0.50,-0.61,0.64,9.03,-1.95,8.24,-39.98,45.14,1.70
-0.50,-0.61,0.64,9.03,-1.95,7.39,-39.98,45.18,2.05
-0.51,-0.65,0.61,7.81,-1.71,7.39,-39.65,45.18,2.05
-0.52,-0.68,0.58,8.18,-4.09,6.23,-39.65,45.18,2.05
-0.52,-0.68,0.58,8.18,-4.09,6.23,-39.65,45.18,2.05
-0.46,-0.57,0.75,9.09,-6.71,3.60,-39.65,45.18,2.05
-0.46,-0.57,0.75,9.09,-6.71,3.60,-39.65,45.18,2.05
-0.44,-0.59,0.68,4.15,5.68,-8.24,-39.65,45.18,2.05
-0.44,-0.59,0.68,4.15,5.68,-14.40,-39.65,45.18,2.05
-0.49,-0.63,0.65,-4.21,14.40,-14.40,-39.65,45.18,2.05
-0.48,-0.60,0.61,-3.91,18.55,-17.70,-39.65,45.18,2.05
-0.48,-0.60,0.61,-3.91,18.55,-17.70,-39.65,45.18,2.05
-0.56,-0.61,0.54,1.65,21.73,-19.35,-39.50,44.64,1.61
-0.56,-0.61,0.54,1.65,21.73,-19.35,-39.50,44.64,1.61
-0.69,-0.69,0.32,5.98,27.77,-17.70,-39.50,44.64,1.61
-0.69,-0.69,0.32,5.37,29.85,-11.90,-39.50,44.64,1.61
-0.70,-0.76,0.27,5.37,29.85,-11.90,-39.50,44.64,1.61
-0.67,-0.79,0.30,6.16,22.83,-3.85,-39.50,44.64,1.61
-0.67,-0.79,0.30,6.16,22.83,-3.85,-39.50,44.64,1.61
-0.65,-0.73,0.35,10.25,12.63,1.10,-39.50,44.64,1.61
-0.65,-0.73,0.35,10.25,12.63,1.10,-39.50,44.64,1.61
-0.65,-0.71,0.40,10.68,8.67,1.16,-39.50,44.64,1.61
-0.65,-0.71,0.40,11.72,5.37,-0.37,-40.49,44.29,1.07
-0.61,-0.68,0.49,11.72,5.37,-0.37,-40.49,44.29,1.07
-0.59,-0.68,0.51,13.31,-0.73,-1.10,-40.49,44.29,1.07
-0.59,-0.68,0.51,13.31,-0.73,-1.10,-40.49,44.29,1.07
-0.55,-0.65,0.56,16.85,-3.91,-2.32,-40.49,44.29,1.07
-0.55,-0.65,0.56,16.85,-3.91,-2.32,-40.49,44.29,1.07
-0.55,-0.61,0.57,18.07,-3.36,-2.08,-40.49,44.29,1.07
-0.55,-0.61,0.60,16.42,-2.99,-2.01,-40.49,44.29,1.07
-0.54,-0.62,0.60,16.42,-2.99,-2.01,-40.49,44.29,1.07
-0.51,-0.64,0.60,14.53,-0.85,-2.81,-40.49,44.29,1.07
-0.51,-0.64,0.60,14.53,-0.85,-2.81,-40.17,44.57,2.16
-0.51,-0.62,0.60,13.12,2.87,-4.58,-40.17,44.57,2.16
-0.51,-0.62,0.60,13.12,2.87,-4.58,-40.17,44.57,2.16
-0.53,-0.73,0.51,8.18,8.85,-9.77,-40.17,44.57,2.16
-0.50,-0.64,0.56,5.68,11.84,-14.95,-40.17,44.57,2.16
-0.50,-0.64,0.56,5.68,11.84,-14.95,-40.17,44.57,2.16
-0.49,-0.65,0.58,2.87,13.31,-17.21,-40.17,44.57,2.16
-0.49,-0.65,0.58,2.87,13.31,-17.21,-40.17,44.57,2.16
-0.52,-0.69,0.49,0.31,16.85,-16.60,-40.17,44.57,2.16
-0.52,-0.69,0.49,0.31,16.85,-11.72,-40.17,44.57,2.16
-0.62,-0.73,0.38,1.53,18.68,-11.72,-39.37,43.25,0.90
-0.62,-0.74,0.38,1.28,17.33,-6.84,-39.37,43.25,0.90
-0.62,-0.74,0.38,1.28,17.33,-6.84,-39.37,43.25,0.90
-0.63,-0.82,0.32,3.72,15.32,-2.93,-39.37,43.25,0.90
-0.63,-0.82,0.32,3.72,15.32,-2.93,-39.37,43.25,0.90
-0.60,-0.74,0.40,8.24,11.66,1.65,-39.37,43.25,0.90
-0.60,-0.74,0.40,8.97,12.15,3.30,-39.37,43.25,0.90
-0.63,-0.68,0.44,8.97,12.15,3.30,-39.37,43.25,0.90
-0.61,-0.70,0.45,9.22,11.35,2.93,-39.37,43.25,0.90
-0.61,-0.70,0.45,9.22,11.35,2.93,-39.37,43.25,0.90
-0.60,-0.67,0.50,9.46,5.07,3.42,-39.37,43.25,0.90
-0.60,-0.67,0.50,9.46,5.07,3.42,-40.20,43.68,-0.56
-0.56,-0.65,0.54,8.91,0.85,3.85,-40.20,43.68,-0.56
-0.56,-0.65,0.54,7.26,-2.26,4.21,-40.20,43.68,-0.56
-0.59,-0.61,0.58,7.26,-2.26,4.21,-40.20,43.68,-0.56
-0.55,-0.54,0.67,6.23,-3.85,2.26,-40.20,43.68,-0.56
-0.55,-0.54,0.67,6.23,-3.85,2.26,-40.20,43.68,-0.56
-0.53,-0.54,0.68,4.46,-1.28,-1.10,-40.20,43.68,-0.56
-0.53,-0.54,0.68,4.46,-1.28,-1.10,-40.20,43.68,-0.56
-0.51,-0.86,0.42,-1.53,7.08,-11.05,-40.20,43.68,-0.56
-0.51,-0.86,0.61,-10.74,7.81,-14.59,-40.20,43.68,-0.56
-0.52,-0.65,0.60,-10.74,7.81,-14.59,-39.60,43.43,-0.18
-0.49,-0.70,0.54,-19.96,13.67,-22.03,-39.60,43.43,-0.18
-0.49,-0.70,0.54,-19.96,13.67,-22.03,-39.60,43.43,-0.18
-0.51,-0.73,0.50,-23.32,14.59,-21.91,-39.60,43.43,-0.18
-0.51,-0.73,0.50,-23.32,14.59,-21.91,-39.60,43.43,-0.18
-0.49,-0.71,0.54,-22.71,14.04,-20.51,-39.60,43.43,-0.18
-0.50,-0.77,0.49,-21.73,12.70,-16.66,-39.60,43.43,-0.18
-0.50,-0.77,0.49,-21.73,12.70,-16.66,-39.60,43.43,-0.18
-0.51,-0.67,0.59,-18.86,12.82,-12.70,-39.60,43.43,-0.18
-0.51,-0.67,0.59,-18.86,12.82,-12.70,-39.60,43.43,-0.18
-0.52,-0.76,0.49,-13.73,16.78,-14.89,-39.54,41.75,-1.15
-0.52,-0.76,0.49,-8.61,15.08,-12.51,-39.54,41.75,-1.15
-0.63,-0.75,0.38,-8.61,15.08,-12.51,-39.54,41.75,-1.15
-0.70,-0.76,0.29,-8.00,14.53,-9.09,-39.54,41.75,-1.15
-0.70,-0.76,0.29,-8.00,14.53,-9.09,-39.54,41.75,-1.15
-0.71,-0.73,0.32,-4.27,10.31,-2.75,-39.54,41.75,-1.15
-0.71,-0.73,0.32,-4.27,10.31,-2.75,-39.54,41.75,-1.15
-0.64,-0.68,0.40,0.79,9.89,-1.83,-39.54,41.75,-1.15
-0.64,-0.68,0.40,-0.06,11.84,-2.69,-39.54,41.75,-1.15
-0.77,-0.82,0.26,-0.06,11.84,-2.69,-39.54,41.75,-1.15
-0.76,-0.67,0.41,7.87,-0.73,1.65,-40.21,42.60,-0.27
-0.76,-0.67,0.41,7.87,-0.73,1.65,-40.21,42.60,-0.27
-0.72,-0.64,0.44,17.82,-14.65,3.30,-40.21,42.60,-0.27
-0.72,-0.64,0.44,17.82,-14.65,3.30,-40.21,42.60,-0.27
-0.70,-0.70,0.38,20.14,-21.30,2.99,-40.21,42.60,-0.27
-0.70,-0.70,0.41,15.93,-26.31,1.53,-40.21,42.60,-0.27
-0.70,-0.64,0.41,15.93,-26.31,1.53,-40.21,42.60,-0.27
-0.68,-0.65,0.43,6.71,-34.00,-1.65,-40.21,42.60,-0.27
-0.68,-0.65,0.43,6.71,-34.00,-1.65,-40.21,42.60,-0.27
-0.65,-0.72,0.36,3.23,-36.99,-7.45,-40.21,42.60,-0.27
-0.65,-0.72,0.36,3.23,-36.99,-7.45,-40.36,42.86,1.44
-0.58,-0.65,0.58,6.71,-45.96,-4.46,-40.36,42.86,1.44
-0.58,-0.66,0.60,0.67,-46.14,-7.51,-40.36,42.86,1.44
-0.55,-0.66,0.60,0.67,-46.14,-7.51,-40.36,42.86,1.44
-0.50,-0.64,0.63,-3.60,-46.88,-6.59,-40.36,42.86,1.44
-0.50,-0.64,0.63,-3.60,-46.88,-6.59,-40.36,42.86,1.44
-0.49,-0.66,0.62,11.96,-42.36,-9.46,-40.36,42.86,1.44
-0.49,-0.66,0.62,11.96,-37.48,-13.49,-40.36,42.86,1.44
-0.41,-0.69,0.63,11.54,-37.48,-13.49,-40.36,42.86,1.44
-0.44,-0.71,0.57,2.75,-32.84,-7.02,-40.36,42.86,1.44
-0.44,-0.71,0.57,2.75,-32.84,-7.02,-40.36,42.86,1.44
-0.39,-0.70,0.64,2.01,-31.13,-3.85,-40.38,41.63,2.45
-0.39,-0.70,0.64,2.01,-31.13,-3.85,-40.38,41.63,2.45
-0.39,-0.62,0.72,3.36,-25.39,-0.43,-40.38,41.63,2.45
-0.39,-0.62,0.72,1.46,-17.40,1.16,-40.38,41.63,2.45
-0.38,-0.60,0.75,1.46,-17.40,1.16,-40.38,41.63,2.45
-0.38,-0.54,0.79,0.98,-6.23,3.85,-40.38,41.63,2.45
-0.38,-0.54,0.79,0.98,-6.23,3.85,-40.38,41.63,2.45
-0.39,-0.52,0.82,4.76,7.51,7.20,-40.38,41.63,2.45
-0.39,-0.52,0.82,4.76,7.51,7.20,-40.38,41.63,2.45
-0.44,-0.55,0.77,8.18,23.62,6.41,-40.38,41.63,2.45
-0.44,-0.55,0.71,10.99,36.74,5.13,-39.22,42.25,3.00
-0.58,-0.42,0.71,10.99,36.74,5.13,-39.22,42.25,3.00
-0.70,-0.49,0.55,5.37,49.87,4.15,-39.22,42.25,3.00
-0.70,-0.49,0.55,5.37,49.87,4.15,-39.22,42.25,3.00
-0.71,-0.55,0.53,-6.53,55.60,1.71,-39.22,42.25,3.00
-0.71,-0.55,0.53,-6.53,55.60,1.71,-39.22,42.25,3.00
-0.72,-0.60,0.49,-11.17,51.57,-4.33,-39.22,42.25,3.00
-0.72,-0.57,0.56,-9.34,41.26,-10.44,-39.22,42.25,3.00
-0.72,-0.57,0.56,-9.34,41.26,-10.44,-39.22,42.25,3.00
-0.72,-0.62,0.50,-4.46,35.16,-19.35,-39.22,42.25,3.00
-0.72,-0.62,0.50,-4.46,35.16,-19.35,-39.62,41.30,-1.14
-0.68,-0.60,0.49,0.73,28.50,-26.67,-39.62,41.30,-1.14
-0.68,-0.60,0.49,0.73,28.50,-34.85,-39.62,41.30,-1.14
-0.69,-0.68,0.45,3.17,21.42,-34.85,-39.62,41.30,-1.14
-0.63,-0.63,0.48,5.80,13.49,-39.06,-39.62,41.30,-1.14
-0.63,-0.63,0.48,5.80,13.49,-39.06,-39.62,41.30,-1.14
-0.59,-0.58,0.52,11.35,11.17,-39.79,-39.62,41.30,-1.14
-0.59,-0.58,0.52,11.35,11.17,-39.79,-39.62,41.30,-1.14
-0.56,-0.59,0.57,10.01,19.47,-43.09,-39.62,41.30,-1.14
-0.56,-0.59,0.57,0.43,30.40,-44.68,-39.62,41.30,-1.14
-0.54,-0.72,0.47,0.43,30.40,-44.68,-38.75,38.22,-1.00
-0.54,-0.76,0.42,11.54,37.72,-40.22,-38.75,38.22,-1.00
-0.54,-0.76,0.42,11.54,37.72,-40.22,-38.75,38.22,-1.00
-0.50,-0.66,0.51,12.33,33.87,-24.96,-38.75,38.22,-1.00
-0.50,-0.66,0.51,12.33,33.87,-24.96,-38.75,38.22,-1.00
-0.54,-0.74,0.37,9.16,41.44,-20.26,-38.75,38.22,-1.00
-0.61,-0.88,0.30,2.87,49.50,-11.05,-38.75,38.22,-1.00
-0.61,-0.88,0.30,2.87,49.50,-11.05,-38.75,38.22,-1.00
-0.63,-0.83,0.32,-2.01,38.02,4.33,-38.75,38.22,-1.00
-0.63,-0.83,0.32,-2.01,38.02,4.33,-38.75,38.22,-1.00
-0.64,-0.76,0.34,-2.20,28.32,12.45,-38.72,38.21,-1.09
-0.64,-0.76,0.34,-2.20,24.23,17.33,-38.72,38.21,-1.09
-0.65,-0.67,0.44,-1.04,24.23,17.33,-38.72,38.21,-1.09
-0.65,-0.78,0.31,2.87,24.11,19.84,-38.72,38.21,-1.09
-0.65,-0.78,0.31,2.87,24.11,19.84,-38.72,38.21,-1.09
-0.66,-0.69,0.46,3.36,14.83,26.31,-38.72,38.21,-1.09
-0.66,-0.69,0.46,3.36,14.83,26.31,-38.72,38.21,-1.09
-0.67,-0.75,0.39,4.76,4.46,27.83,-38.72,38.21,-1.09
-0.67,-0.75,0.39,7.08,-10.86,32.17,-38.72,38.21,-1.09
-0.67,-0.61,0.54,7.08,-10.86,32.17,-38.72,38.21,-1.09
-0.57,-0.43,0.76,7.20,-19.96,29.11,-38.72,41.33,-1.11
-0.57,-0.43,0.76,7.20,-19.96,29.11,-39.98,41.33,-1.11
-0.59,-0.57,0.62,4.58,-16.91,21.24,-39.98,41.33,-1.11
-0.59,-0.57,0.62,4.58,-16.91,21.24,-39.98,41.33,-1.11
-0.56,-0.52,0.69,5.49,-19.04,18.74,-39.98,41.33,-1.11
-0.56,-0.52,0.59,5.49,-19.17,16.05,-39.98,41.33,-1.11
-0.56,-0.60,0.59,5.49,-19.17,16.05,-39.98,41.33,-1.11
-0.53,-0.58,0.64,5.00,-16.72,10.62,-39.98,41.33,-1.11
-0.53,-0.58,0.64,5.00,-16.72,10.62,-39.98,41.33,-1.11
-0.51,-0.59,0.66,4.27,-14.59,6.04,-39.98,41.33,-1.11
-0.51,-0.59,0.66,4.27,-14.59,1.53,-39.98,41.33,-1.11
-0.49,-0.60,0.67,4.58,-11.05,1.53,-39.90,41.63,0.43
-0.51,-0.59,0.67,7.08,-10.44,2.08,-39.90,41.63,0.43
-0.51,-0.59,0.67,7.08,-10.44,2.08,-39.90,41.63,0.43
-0.45,-0.46,0.80,11.96,-9.22,0.06,-39.90,41.63,0.43
-0.45,-0.46,0.80,11.96,-9.22,0.06,-39.90,41.63,0.43
-0.44,-0.53,0.74,13.31,0.37,-8.06,-39.90,41.63,0.43
-0.44,-0.53,0.74,13.31,15.99,-17.40,-39.90,41.63,0.43
-0.46,-0.56,0.60,9.58,15.99,-17.40,-39.90,41.63,0.43
-0.47,-0.68,0.62,7.51,21.79,-17.15,-39.90,41.63,0.43
-0.47,-0.68,0.62,7.51,21.79,-17.15,-39.90,41.63,0.43
-0.50,-0.61,0.59,12.63,23.07,-16.97,-39.42,40.06,-1.32
-0.50,-0.61,0.59,12.63,23.07,-16.97,-39.42,40.06,-1.32
-0.69,-0.67,0.32,18.86,27.22,-18.01,-39.42,40.06,-1.32
-0.69,-0.67,0.32,17.70,30.33,-12.08,-39.42,40.06,-1.32
-0.67,-0.74,0.31,17.70,30.33,-12.08,-39.42,40.06,-1.32
-0.71,-0.81,0.25,18.19,23.25,-1.53,-39.42,40.06,-1.32
-0.71,-0.81,0.25,18.19,23.25,-1.53,-39.42,40.06,-1.32
-0.62,-0.69,0.41,18.86,11.17,5.80,-39.42,40.06,-1.32
-0.62,-0.69,0.41,18.86,11.17,5.80,-39.42,40.06,-1.32
-0.69,-0.71,0.36,16.11,12.63,2.56,-39.42,40.06,-1.32
-0.69,-0.71,0.43,12.94,8.42,3.48,-39.42,41.35,-0.98
-0.67,-0.69,0.43,12.94,8.42,3.48,-39.42,41.35,-0.98
-0.61,-0.70,0.46,11.29,0.18,4.03,-39.42,41.35,-0.98
-0.61,-0.70,0.46,11.29,0.18,4.03,-39.42,41.35,-0.98
-0.58,-0.57,0.61,12.70,-9.03,6.35,-39.42,41.35,-0.98
-0.58,-0.57,0.61,12.70,-9.03,6.35,-39.42,41.35,-0.98
-0.55,-0.59,0.61,12.21,-8.30,2.93,-39.42,41.35,-0.98
-0.55,-0.63,0.58,9.34,-8.12,0.67,-39.42,41.35,-0.98
-0.56,-0.63,0.58,9.34,-8.12,0.67,-39.42,41.35,-0.98
-0.53,-0.65,0.58,8.61,-6.53,-3.05,-39.42,41.35,-0.98
-0.53,-0.65,0.58,8.61,-6.53,-3.05,-39.29,40.83,-0.67
-0.51,-0.64,0.60,9.95,-6.47,-4.88,-39.29,40.83,-0.67
-0.51,-0.64,0.60,9.95,-6.47,-5.80,-39.29,40.83,-0.67
-0.46,-0.65,0.64,11.17,-5.74,-5.80,-39.29,40.83,-0.67
-0.49,-0.68,0.57,10.31,-3.30,-7.69,-39.29,40.83,-0.67
-0.49,-0.68,0.57,10.31,-3.30,-7.69,-39.29,40.83,-0.67
-0.45,-0.58,0.72,7.20,-0.55,-8.73,-39.29,40.83,-0.67
-0.45,-0.58,0.72,7.20,-0.55,-8.73,-39.29,40.83,-0.67
-0.49,-0.68,0.54,2.20,9.03,-15.08,-39.29,40.83,-0.67
-0.49,-0.68,0.54,-13.43,14.83,-18.62,-39.29,40.83,-0.67
-0.50,-0.80,0.46,-3.85,14.83,-18.62,-39.29,37.71,-1.43
-0.47,-0.67,0.58,-6.96,14.34,-17.03,-38.77,39.69,-1.43
-0.47,-0.67,0.58,-6.96,14.34,-17.03,-38.77,39.69,-1.43
-0.43,-0.61,0.63,-10.80,15.32,-16.48,-38.77,39.69,-1.43
-0.43,-0.61,0.63,-10.80,15.32,-16.48,-38.77,39.69,-1.43
-0.51,-0.76,0.48,-15.75,17.94,-18.43,-38.77,39.69,-1.43
-0.51,-0.76,0.48,-13.67,17.94,-15.56,-38.77,39.69,-1.43
-0.61,-0.77,0.38,-13.67,17.94,-15.56,-38.77,39.69,-1.43
-0.62,-0.76,0.33,-14.89,16.30,-10.38,-38.77,39.69,-1.43
-0.62,-0.76,0.33,-14.89,16.30,-10.38,-38.77,39.69,-1.43
-0.60,-0.77,0.34,-13.43,14.04,-3.42,-38.77,39.69,-1.43
-0.60,-0.77,0.34,-13.43,14.04,-3.42,-38.26,39.21,-2.37
-0.63,-0.69,0.46,-8.12,9.16,4.52,-38.26,39.21,-2.37
-0.63,-0.68,0.44,-5.86,5.92,5.68,-38.26,39.21,-2.37
-0.62,-0.68,0.44,-5.86,5.92,5.68,-38.26,39.21,-2.37
-0.60,-0.69,0.45,-4.33,5.74,3.85,-38.26,39.21,-2.37
-0.60,-0.69,0.45,-4.33,5.74,3.85,-38.26,39.21,-2.37
-0.64,-0.71,0.41,-2.20,4.09,7.39,-38.26,39.21,-2.37
-0.64,-0.71,0.41,-2.20,4.09,7.39,-38.26,39.21,-2.37
-0.65,-0.59,0.53,0.43,0.37,10.99,-38.26,39.21,-2.37
-0.68,-0.57,0.52,1.71,-1.04,8.73,-38.26,39.21,-2.37
-0.68,-0.57,0.52,1.71,-1.04,8.73,-39.01,40.14,-2.28
-0.60,-0.62,0.54,1.40,-3.36,8.24,-39.01,40.14,-2.28
-0.60,-0.62,0.54,1.40,-3.36,8.24,-39.01,40.14,-2.28
-0.61,-0.56,0.60,0.67,-3.60,7.02,-39.01,40.14,-2.28
-0.61,-0.56,0.60,0.67,-3.60,2.20,-39.01,40.14,-2.28
-0.59,-0.58,0.61,-2.14,-3.11,2.20,-39.01,40.14,-2.28
-0.62,-0.52,0.62,-3.78,-4.39,-1.28,-39.01,40.14,-2.28
-0.62,-0.52,0.62,-3.78,-4.39,-1.28,-39.01,40.14,-2.28
-0.58,-0.63,0.53,-5.55,-3.05,-4.64,-39.01,40.14,-2.28
-0.58,-0.63,0.53,-5.55,-3.05,-4.64,-39.01,40.14,-2.28
-0.59,-0.67,0.48,-6.71,-1.04,-8.24,-38.73,39.58,-1.75
-0.59,-0.67,0.48,-6.65,-1.40,-9.03,-38.73,39.58,-1.75
-0.56,-0.63,0.54,-6.65,-1.40,-9.03,-38.73,39.58,-1.75
-0.54,-0.62,0.56,-5.55,-1.22,-7.69,-38.73,39.58,-1.75
-0.54,-0.62,0.56,-5.55,-1.22,-7.69,-38.73,39.58,-1.75
-0.54,-0.70,0.50,-4.52,-0.67,-6.96,-38.73,39.58,-1.75
-0.54,-0.70,0.50,-4.52,-0.67,-6.96,-38.73,39.58,-1.75
-0.51,-0.74,0.50,-7.02,-2.75,-6.23,-38.73,39.58,-1.75
-0.51,-0.74,0.50,-6.90,-7.45,-3.78,-38.73,39.58,-1.75
-0.47,-0.68,0.57,-6.90,-7.45,-3.78,-38.73,39.58,-1.75
-0.50,-0.70,0.53,-7.26,-7.08,-2.50,-39.05,39.44,-2.89
-0.50,-0.70,0.53,-7.26,-7.08,-2.50,-39.05,39.44,-2.89
-0.51,-0.77,0.48,-7.87,-6.04,-0.37,-39.05,39.44,-2.89
-0.51,-0.77,0.48,-7.87,-6.04,-0.37,-39.05,39.44,-2.89
-0.51,-0.71,0.53,-5.98,-7.87,3.42,-39.05,39.44,-2.89
-0.51,-0.71,0.65,-2.69,-10.31,6.16,-39.05,39.44,-2.89
-0.49,-0.59,0.65,-2.69,-10.31,6.16,-39.05,39.44,-2.89
-0.52,-0.55,0.68,-1.22,-5.49,4.82,-39.05,39.44,-2.89
-0.52,-0.55,0.68,-1.22,-5.49,4.82,-39.05,39.44,-2.89
-0.54,-0.57,0.67,-0.31,-3.60,4.46,-39.05,39.44,-2.89
-0.54,-0.57,0.67,-0.31,-3.60,4.46,-39.05,39.44,-2.89
-0.46,-0.49,0.78,2.62,-3.72,4.46,-39.56,39.73,-0.83
-0.49,-0.51,0.75,0.12,7.45,-2.93,-39.56,39.73,-0.83
-0.48,-0.51,0.75,0.12,7.45,-2.93,-39.56,39.73,-0.83
-0.51,-0.57,0.68,-4.27,17.58,-9.83,-39.56,39.73,-0.83
-0.51,-0.57,0.68,-4.27,17.58,-9.83,-39.56,39.73,-0.83
-0.48,-0.67,0.70,-5.86,21.36,-15.62,-39.56,39.73,-0.83
-0.48,-0.67,0.70,-5.86,24.78,-20.63,-39.56,39.73,-0.83
-0.50,-0.62,0.65,-2.81,24.78,-20.63,-39.56,39.73,-0.83
-0.61,-0.59,0.50,4.27,29.36,-25.15,-39.56,39.73,-0.83
-0.61,-0.59,0.50,4.27,29.36,-25.15,-39.56,39.73,-0.83
-0.74,-0.67,0.32,10.93,34.97,-24.29,-38.83,38.37,-2.50
-0.74,-0.67,0.32,10.93,34.97,-24.29,-38.83,38.37,-2.50
-0.67,-0.81,0.34,6.71,31.86,-14.65,-38.83,38.37,-2.50
-0.67,-0.81,0.34,12.39,23.01,-5.00,-38.83,38.37,-2.50
-0.67,-0.68,0.42,12.39,23.01,-5.00,-38.83,38.37,-2.50
-0.71,-0.85,0.22,13.85,16.11,-2.44,-38.83,38.37,-2.50
-0.71,-0.85,0.22,13.85,16.11,-2.44,-38.83,38.37,-2.50
-0.65,-0.62,0.48,11.23,7.75,5.37,-38.83,38.37,-2.50
-0.65,-0.62,0.48,11.23,7.75,5.37,-38.83,38.37,-2.50
-0.62,-0.67,0.47,8.42,9.64,1.28,-38.83,38.37,-2.50
-0.62,-0.69,0.46,4.33,9.89,-1.22,-40.03,39.09,-3.83
-0.64,-0.69,0.46,4.33,9.89,-1.22,-40.03,39.09,-3.83
-0.59,-0.64,0.54,0.55,4.52,1.53,-40.03,39.09,-3.83
-0.59,-0.64,0.54,0.55,4.52,1.53,-40.03,39.09,-3.83
-0.57,-0.66,0.54,-0.43,-0.06,2.62,-40.03,39.09,-3.83
-0.57,-0.66,0.54,-0.43,-0.06,0.61,-40.03,39.09,-3.83
-0.55,-0.60,0.61,-1.28,-0.49,0.61,-40.03,39.09,-3.83
-0.53,-0.67,0.59,-2.01,-2.08,-1.04,-40.03,39.09,-3.83
-0.53,-0.67,0.59,-2.01,-2.08,-1.04,-40.03,39.09,-3.83
-0.53,-0.62,0.61,-0.85,-4.27,-1.65,-40.03,39.09,-3.83
-0.53,-0.62,0.61,-0.85,-4.27,-1.65,-38.92,39.60,-2.61
-0.49,-0.60,0.65,0.73,-6.04,-2.75,-38.92,39.60,-2.61
-0.49,-0.60,0.65,0.73,-6.04,-2.93,-38.92,39.60,-2.61
-0.49,-0.62,0.65,0.49,-6.35,-2.93,-38.92,39.60,-2.61
-0.49,-0.55,0.67,1.40,-6.71,-3.36,-38.92,39.60,-2.61
-0.49,-0.55,0.67,1.40,-6.71,-3.36,-38.92,39.60,-2.61
-0.47,-0.56,0.69,0.18,-3.60,-5.74,-38.92,39.60,-2.61
-0.47,-0.56,0.69,0.18,-3.60,-5.74,-38.92,39.60,-2.61
-0.47,-0.64,0.61,-1.89,3.78,-11.96,-38.92,39.60,-2.61
-0.47,-0.64,0.61,-1.89,9.22,-14.65,-38.92,39.60,-2.61
-0.48,-0.65,0.62,-6.96,9.22,-14.65,-38.68,38.11,-2.70
-0.46,-0.50,0.76,-8.48,13.12,-16.30,-38.68,38.11,-2.70
-0.46,-0.50,0.76,-8.48,13.12,-16.30,-38.68,38.11,-2.70
-0.51,-0.63,0.64,-3.85,18.25,-20.87,-38.68,38.11,-2.70
-0.51,-0.63,0.64,-3.85,18.25,-20.87,-38.68,38.11,-2.70
-0.66,-0.65,0.42,6.41,20.75,-22.46,-38.68,38.11,-2.70
-0.66,-0.65,0.28,7.87,22.71,-19.90,-38.68,38.11,-2.70
-0.65,-0.79,0.28,7.87,22.71,-19.90,-38.68,38.11,-2.70
-0.65,-0.78,0.36,10.93,18.19,-8.97,-38.68,38.11,-2.70
-0.65,-0.78,0.36,10.93,18.19,-8.97,-38.68,38.11,-2.70
-0.63,-0.68,0.44,15.87,11.54,0.24,-38.68,38.11,-2.70
-0.63,-0.68,0.44,15.87,11.54,0.24,-38.57,37.61,-2.99
-0.59,-0.64,0.52,14.71,10.19,2.26,-38.57,37.61,-2.99
-0.62,-0.64,0.50,9.40,10.68,1.40,-38.57,37.61,-2.99
-0.62,-0.64,0.50,9.40,10.68,1.40,-38.57,37.61,-2.99
-0.61,-0.62,0.55,5.43,7.20,2.93,-38.57,37.61,-2.99
-0.61,-0.62,0.55,5.43,7.20,2.93,-38.57,37.61,-2.99
-0.59,-0.63,0.55,4.21,3.36,3.30,-38.57,37.61,-2.99
-0.59,-0.63,0.55,4.21,-0.67,4.21,-38.57,37.61,-2.99
-0.55,-0.59,0.64,2.93,-0.67,4.21,-38.57,37.61,-2.99
-0.57,-0.60,0.60,3.72,-2.87,3.17,-38.57,37.61,-2.99
-0.57,-0.60,0.60,3.72,-2.87,3.17,-39.21,37.88,-3.86
-0.55,-0.58,0.64,5.86,-5.37,1.59,-39.21,37.88,-3.86
-0.55,-0.58,0.64,5.86,-5.37,1.59,-39.21,37.88,-3.86
-0.50,-0.66,0.60,6.71,-5.49,-1.46,-39.21,37.88,-3.86
-0.50,-0.66,0.60,3.78,-6.47,-2.81,-39.21,37.88,-3.86
-0.48,-0.53,0.71,3.78,-6.47,-2.81,-39.21,37.88,-3.86
-0.49,-0.64,0.61,-2.69,-0.31,-10.86,-39.21,37.88,-3.86
-0.49,-0.64,0.61,-2.69,-0.31,-10.86,-39.21,37.88,-3.86
-0.47,-0.62,0.64,-9.95,2.14,-15.38,-39.21,37.88,-3.86
-0.47,-0.62,0.64,-9.95,2.14,-15.38,-39.21,37.88,-3.86
-0.44,-0.58,0.68,-13.49,2.81,-15.20,-38.26,36.90,-3.00
-0.44,-0.58,0.58,-17.58,5.74,-13.73,-38.26,36.90,-3.00
-0.50,-0.66,0.57,-17.58,5.74,-13.73,-38.26,36.90,-3.00
-0.52,-0.70,0.55,-17.82,10.38,-14.04,-38.26,36.90,-3.00
-0.52,-0.70,0.55,-17.82,10.38,-14.04,-38.26,36.90,-3.00
-0.51,-0.63,0.59,-11.23,12.15,-14.10,-38.26,36.90,-3.00
-0.51,-0.63,0.59,-11.23,12.15,-14.10,-38.26,36.90,-3.00
-0.62,-0.70,0.42,-2.62,15.08,-12.88,-38.26,36.90,-3.00
-0.63,-0.72,0.41,2.01,16.91,-6.29,-38.26,36.90,-3.00
-0.63,-0.72,0.41,2.01,16.91,-6.29,-38.26,36.90,-3.00
-0.61,-0.62,0.50,4.21,14.65,-0.18,-37.99,36.25,-3.10
-0.61,-0.62,0.50,4.21,14.65,-0.18,-37.99,36.25,-3.10
-0.59,-0.64,0.48,3.05,14.65,2.38,-37.99,36.25,-3.10
-0.59,-0.64,0.48,-12.57,16.78,4.46,-37.99,36.25,-3.10
-0.60,-0.64,0.52,-1.65,16.78,4.46,-37.99,36.25,-3.10
-0.58,-0.60,0.57,-4.58,16.05,5.49,-37.99,36.25,-3.10
-0.58,-0.60,0.57,-4.58,16.05,5.49,-37.99,36.25,-3.10
-0.59,-0.64,0.56,-5.62,14.47,5.74,-37.99,36.25,-3.10
-0.59,-0.64,0.56,-5.62,14.47,5.74,-37.99,36.25,-3.10
-0.58,-0.61,0.62,-5.07,9.52,7.81,-37.99,36.25,-3.10
-0.58,-0.61,0.62,-2.93,1.28,7.57,-39.20,37.77,-4.77
-0.57,-0.60,0.64,-2.93,1.28,7.57,-39.20,37.77,-4.77
-0.59,-0.63,0.59,-1.83,-5.62,4.52,-39.20,37.77,-4.77
-0.59,-0.63,0.59,-1.83,-5.62,4.52,-39.20,37.77,-4.77
-0.61,-0.59,0.63,-1.04,-14.77,0.37,-39.20,37.77,-4.77
-0.61,-0.59,0.63,-1.04,-14.77,0.37,-39.20,37.77,-4.77
-0.60,-0.58,0.66,-1.28,-22.89,-6.53,-39.20,37.77,-4.77
-0.60,-0.58,0.66,0.92,-31.74,-15.93,-39.20,37.77,-4.77
-0.61,-0.45,0.72,0.92,-31.74,-15.93,-39.20,37.77,-4.77
-0.58,-0.48,0.67,-3.66,-35.22,-29.05,-39.20,37.77,-4.77
-0.58,-0.48,0.67,-3.66,-35.22,-29.05,-39.20,34.64,-3.42
-0.53,-0.54,0.68,-10.62,-33.69,-38.88,-36.69,35.17,-3.42
-0.53,-0.54,0.68,-10.62,-29.72,-45.84,-36.69,35.17,-3.42
-0.50,-0.47,0.75,-10.31,-29.72,-45.84,-36.69,35.17,-3.42
-0.44,-0.80,0.82,-4.64,-7.32,-63.96,-36.69,35.17,-3.42
-0.44,-0.80,0.82,-4.64,-7.32,-63.96,-36.69,35.17,-3.42
-0.52,-0.57,0.58,-0.92,22.95,-42.85,-36.69,35.17,-3.42
-0.52,-0.57,0.58,-0.92,22.95,-42.85,-36.69,35.17,-3.42
-0.53,-0.51,0.40,0.73,28.26,-21.24,-36.69,35.17,-3.42
-0.53,-0.51,0.27,-0.55,22.89,-24.90,-36.69,35.17,-3.42
-0.53,-0.53,0.27,-0.55,22.89,-24.90,-36.69,35.17,-3.42
-0.50,-0.57,0.23,-0.67,8.91,-26.37,-37.18,33.11,-4.11
-0.50,-0.57,0.23,-0.67,8.91,-26.37,-37.18,33.11,-4.11
-0.39,-0.98,1.15,0.92,-1.77,-24.23,-37.18,33.11,-4.11
-0.39,-0.98,1.15,0.92,-1.77,-5.13,-37.18,33.11,-4.11
-0.62,-0.89,0.39,3.60,50.11,-5.13,-37.18,33.11,-4.11
-0.65,-0.69,0.49,6.53,51.64,13.61,-37.18,33.11,-4.11
-0.65,-0.69,0.49,6.53,51.64,13.61,-37.18,33.11,-4.11
-0.61,-0.54,0.65,5.62,34.06,19.71,-37.18,33.11,-4.11
-0.61,-0.54,0.65,5.62,34.06,19.71,-37.18,33.11,-4.11
-0.62,-0.53,0.66,1.16,23.99,14.47,-37.18,33.11,-4.11
-0.62,-0.53,0.66,-4.21,15.14,3.78,-38.53,34.95,-5.94
-0.62,-0.55,0.64,-4.21,15.14,3.78,-38.53,34.95,-5.94
-0.62,-0.54,0.65,-7.20,3.23,-1.10,-38.53,34.95,-5.94
-0.62,-0.54,0.65,-7.20,3.23,-1.10,-38.53,34.95,-5.94
-0.60,-0.52,0.67,-3.05,-5.68,-2.62,-38.53,34.95,-5.94
-0.60,-0.52,0.67,-3.05,-5.68,-2.62,-38.53,34.95,-5.94
-0.62,-0.52,0.65,3.23,-12.21,-1.89,-38.53,34.95,-5.94
-0.62,-0.52,0.72,7.93,-18.01,-4.82,-38.53,34.95,-5.94
-0.60,-0.45,0.69,7.93,-18.01,-4.82,-38.53,34.95,-5.94
-0.55,-0.43,0.70,8.36,-19.23,-13.24,-38.53,34.95,-5.94
-0.55,-0.43,0.70,8.36,-19.23,-13.24,-37.13,33.17,-4.85
-0.53,-0.56,0.65,0.43,-9.89,-26.79,-37.13,33.17,-4.85
-0.53,-0.56,0.65,0.43,-4.39,-31.37,-37.13,33.17,-4.85
-0.50,-0.56,0.64,-9.03,-4.39,-31.37,-37.13,33.17,-4.85
-0.47,-0.61,0.63,-14.22,-1.40,-31.19,-37.13,33.17,-4.85
-0.47,-0.61,0.63,-14.22,-1.40,-31.19,-37.13,33.17,-4.85
-0.48,-0.53,0.69,-11.72,2.87,-27.16,-37.13,33.17,-4.85
-0.48,-0.53,0.69,-11.72,2.87,-27.16,-37.13,33.17,-4.85
-0.52,-0.53,0.66,-6.29,13.06,-26.49,-37.13,33.17,-4.85
-0.52,-0.53,0.66,-7.45,23.44,-28.44,-37.13,33.17,-4.85
-0.63,-0.56,0.46,-7.45,23.44,-28.44,-36.52,30.51,-6.10
-0.62,-0.64,0.43,-8.30,33.08,-24.05,-36.52,30.51,-6.10
-0.62,-0.64,0.43,-8.30,33.08,-24.05,-36.52,30.51,-6.10
-0.62,-0.76,0.41,-1.28,39.79,-12.51,-36.52,30.51,-6.10
-0.62,-0.76,0.41,-1.28,39.79,-12.51,-36.52,30.51,-6.10
-0.65,-0.71,0.44,6.77,32.23,3.60,-36.52,30.51,-6.10
-0.67,-0.62,0.49,8.85,26.79,6.96,-36.52,30.51,-6.10
-0.67,-0.62,0.49,8.85,26.79,6.96,-36.52,30.51,-6.10
-0.69,-0.61,0.48,4.70,22.64,5.86,-36.52,30.51,-6.10
-0.69,-0.61,0.48,4.70,22.64,5.86,-36.52,30.51,-6.10
-0.66,-0.53,0.60,0.31,15.62,9.77,-38.07,32.87,-5.52
-0.66,-0.53,0.60,0.31,0.00,13.55,-38.07,32.87,-5.52
-0.63,-0.62,0.55,5.62,5.86,13.55,-38.07,32.87,-5.52
-0.61,-0.52,0.62,8.97,0.00,15.20,-38.07,32.87,-5.52
-0.61,-0.52,0.62,8.97,0.00,15.20,-38.07,32.87,-5.52
-0.59,-0.54,0.65,3.91,1.34,10.74,-38.07,32.87,-5.52
-0.59,-0.54,0.65,3.91,1.34,10.74,-38.07,32.87,-5.52
-0.62,-0.66,0.52,4.09,-2.69,10.13,-38.07,32.87,-5.52
-0.62,-0.66,0.52,4.09,-9.70,12.45,-38.07,32.87,-5.52
-0.59,-0.61,0.61,9.03,-9.70,12.45,-38.07,32.87,-5.52
-0.53,-0.47,0.74,15.44,-15.50,12.51,-38.40,34.20,-5.42
-0.53,-0.47,0.74,15.44,-15.50,12.51,-38.40,34.20,-5.42
-0.46,-0.58,0.69,15.99,-16.60,7.81,-38.40,34.20,-5.42
-0.46,-0.58,0.69,15.99,-16.60,7.81,-38.40,34.20,-5.42
-0.42,-0.44,0.81,10.74,-16.36,7.20,-38.40,34.20,-5.42
-0.42,-0.53,0.72,3.05,-9.22,0.37,-38.40,34.20,-5.42
-0.49,-0.55,0.72,3.05,-9.22,0.37,-38.40,34.20,-5.42
-0.44,-0.56,0.72,2.20,-8.61,-0.12,-38.40,34.20,-5.42
-0.44,-0.56,0.72,2.20,-8.61,-0.12,-38.40,34.20,-5.42
-0.41,-0.52,0.73,5.31,-10.31,5.37,-38.40,34.20,-5.42
-0.41,-0.52,0.73,5.31,-10.31,3.42,-38.40,34.20,-5.42
-0.42,-0.53,0.74,2.81,-1.77,3.42,-37.77,34.06,-5.18
-0.39,-0.52,0.75,1.83,10.07,-0.61,-37.77,34.06,-5.18
-0.39,-0.52,0.75,1.83,10.07,-0.61,-37.77,34.06,-5.18
-0.42,-0.57,0.72,-0.06,15.38,-1.28,-37.77,34.06,-5.18
-0.42,-0.57,0.72,-0.06,15.38,-1.28,-37.77,34.06,-5.18
-0.43,-0.61,0.67,-2.38,20.51,-5.49,-37.77,34.06,-5.18
-0.43,-0.61,0.67,-2.38,26.12,-9.22,-37.77,34.06,-5.18
-0.45,-0.50,0.77,-1.22,26.12,-9.22,-37.77,34.06,-5.18
-0.51,-0.52,0.69,0.12,34.12,-15.93,-37.77,34.06,-5.18
-0.51,-0.52,0.69,0.12,34.12,-15.93,-37.77,34.06,-5.18
-0.60,-0.59,0.56,-2.44,40.59,-21.30,-36.90,31.98,-4.86
-0.60,-0.59,0.56,-2.44,40.59,-21.30,-36.90,31.98,-4.86
-0.79,-0.64,0.39,-10.38,42.36,-20.69,-36.90,31.98,-4.86
-0.79,-0.64,0.45,-6.16,39.67,-10.62,-36.90,31.98,-4.86
-0.72,-0.61,0.45,-6.16,39.67,-10.62,-36.90,31.98,-4.86
-0.74,-0.61,0.46,9.34,38.33,-3.85,-36.90,31.98,-4.86
-0.74,-0.61,0.46,9.34,38.33,-3.85,-36.90,31.98,-4.86
-0.76,-0.68,0.47,11.60,28.14,0.43,-36.90,31.98,-4.86
-0.76,-0.68,0.47,11.60,28.14,3.85,-36.90,31.98,-4.86
-0.71,-0.64,0.47,18.74,22.34,3.85,-36.90,31.98,-4.86
-0.73,-0.66,0.44,21.00,18.25,4.03,-36.38,32.60,-7.95
-0.73,-0.66,0.44,21.00,18.25,4.03,-36.38,32.60,-7.95
-0.72,-0.61,0.43,21.24,14.22,6.77,-36.38,32.60,-7.95
-0.72,-0.61,0.43,21.24,14.22,6.77,-36.38,32.60,-7.95
-0.75,-0.76,0.36,19.47,14.95,8.00,-36.38,32.60,-7.95
-0.75,-0.76,0.36,20.81,-0.12,19.35,-36.38,32.60,-7.95
-0.72,-0.62,0.50,20.81,-0.12,19.35,-36.38,32.60,-7.95
-0.68,-0.62,0.51,23.07,-15.56,26.49,-36.38,32.60,-7.95
-0.68,-0.62,0.51,23.07,-15.56,26.49,-36.38,32.60,-7.95
-0.66,-0.58,0.55,22.58,-24.96,26.79,-36.38,32.60,-7.95
-0.66,-0.58,0.55,22.58,-24.96,26.79,-37.95,34.88,-6.51
-0.62,-0.61,0.58,17.09,-29.72,22.71,-37.95,34.88,-6.51
-0.59,-0.50,0.72,15.62,-34.36,22.22,-37.95,34.88,-6.51
-0.57,-0.50,0.72,15.62,-34.36,22.22,-37.95,34.88,-6.51
-0.44,-0.47,0.78,24.23,-31.86,15.14,-37.95,34.88,-6.51
-0.44,-0.47,0.78,24.23,-31.86,15.14,-37.95,34.88,-6.51
-0.41,-0.45,0.80,19.90,-23.19,8.61,-37.95,34.88,-6.51
-0.41,-0.45,0.80,6.10,-9.34,-0.67,-37.95,34.88,-6.51
-0.45,-0.58,0.73,6.10,-9.34,-0.67,-37.95,34.88,-6.51
-0.46,-0.57,0.70,-0.18,-6.04,-5.68,-37.95,34.88,-6.51
-0.46,-0.57,0.70,-0.18,-6.04,-5.68,-38.51,35.27,-5.60
-0.42,-0.67,0.68,1.34,-5.49,-8.61,-38.51,35.27,-5.60
-0.42,-0.67,0.68,1.34,-5.49,-8.61,-38.51,35.27,-5.60
-0.42,-0.61,0.76,-0.24,-8.42,-7.39,-38.51,35.27,-5.60
-0.42,-0.61,0.76,-0.79,-8.97,-12.33,-38.51,35.27,-5.60
-0.47,-0.54,0.76,-0.79,-8.97,-12.33,-38.51,35.27,-5.60
-0.49,-0.52,0.76,1.28,-11.29,-20.32,-38.51,35.27,-5.60
-0.49,-0.52,0.76,1.28,-11.29,-20.32,-38.51,35.27,-5.60
-0.49,-0.48,0.75,2.44,-13.79,-32.17,-38.51,35.27,-5.60
-0.49,-0.48,0.75,-13.18,-13.98,-45.90,-38.51,35.27,-5.60
-0.48,-0.54,0.80,-4.03,-13.98,-45.90,-35.97,31.42,-6.96
-0.50,-0.52,0.88,-6.23,-18.13,-59.27,-35.97,31.42,-6.96
-0.50,-0.52,0.88,-6.23,-18.13,-59.27,-35.97,31.42,-6.96
-0.64,-0.89,1.14,-5.92,-0.67,-69.76,-35.97,31.42,-6.96
-0.64,-0.89,1.14,-5.92,-0.67,-38.51,-35.97,31.42,-6.96
-0.71,-0.65,0.25,-0.92,69.89,-38.94,-35.97,31.42,-6.96
-0.59,-0.61,0.21,-5.19,61.04,-18.07,-35.97,31.42,-6.96
-0.59,-0.61,0.21,-5.19,61.04,-18.07,-35.97,31.42,-6.96
-0.53,-0.61,0.37,-12.27,28.32,-12.45,-35.97,31.42,-6.96
-0.53,-0.61,0.37,-12.27,28.32,-12.45,-35.97,31.42,-6.96
-0.52,-0.58,0.37,-8.85,16.66,-9.58,-34.95,30.54,-6.19
-0.52,-0.58,0.37,-8.85,7.39,-8.00,-34.95,30.54,-6.19
-0.51,-0.51,0.37,-0.79,7.39,-8.00,-34.95,30.54,-6.19
-0.49,-0.47,0.34,2.62,-3.30,-10.01,-34.95,30.54,-6.19
-0.49,-0.47,0.34,2.62,-3.30,-10.01,-34.95,30.54,-6.19
-0.49,-0.45,0.20,5.55,-12.15,-14.65,-34.95,30.54,-6.19
-0.49,-0.45,0.20,5.55,-12.15,-14.65,-34.95,30.54,-6.19
-0.48,-0.49,0.20,6.77,-27.10,-20.94,-34.95,30.54,-6.19
-0.48,-0.49,0.20,6.77,-47.49,-26.12,-34.95,30.54,-6.19
-0.50,-0.52,0.39,4.70,-47.49,-26.12,-34.95,30.54,-6.19
-0.62,-0.81,0.96,-6.59,-11.47,-13.98,-34.95,30.77,-7.12
-0.62,-0.81,0.96,-6.59,-11.47,-13.98,-36.58,30.77,-7.12
-0.74,-0.58,0.60,4.33,73.79,15.87,-36.58,30.77,-7.12
-0.74,-0.58,0.60,4.33,73.79,15.87,-36.58,30.77,-7.12
-0.64,-0.54,0.68,-14.10,42.30,17.70,-36.58,30.77,-7.12
-0.58,-0.58,0.64,-16.17,26.61,11.72,-36.58,30.77,-7.12
-0.58,-0.58,0.64,-16.17,26.61,11.72,-36.58,30.77,-7.12
-0.57,-0.57,0.65,-16.60,16.60,6.90,-36.58,30.77,-7.12
-0.57,-0.57,0.65,-16.60,16.60,6.90,-36.58,30.77,-7.12
-0.57,-0.56,0.68,-15.69,10.93,4.76,-36.58,30.77,-7.12
-0.57,-0.56,0.68,-14.40,2.44,3.54,-36.58,30.77,-6.65
-0.57,-0.56,0.67,-14.40,2.44,3.54,-37.73,32.47,-6.65
-0.62,-0.57,0.65,-10.13,-5.49,2.56,-37.73,32.47,-6.65
-0.62,-0.57,0.65,-10.13,-5.49,2.56,-37.73,32.47,-6.65
-0.64,-0.63,0.60,-4.33,-13.43,-2.32,-37.73,32.47,-6.65
-0.64,-0.63,0.60,-4.33,-13.43,-7.75,-37.73,32.47,-6.65
-0.63,-0.64,0.60,2.62,-26.31,-7.75,-37.73,32.47,-6.65
-0.65,-0.62,0.59,5.43,-41.99,-13.98,-37.73,32.47,-6.65
-0.65,-0.62,0.59,5.43,-41.99,-13.98,-37.73,32.47,-6.65
-0.62,-0.65,0.70,1.95,-57.19,-23.44,-37.73,32.47,-6.65
-0.62,-0.65,0.70,1.95,-57.19,-23.44,-37.73,32.47,-6.65
-0.59,-0.96,1.51,2.01,-63.35,-26.92,-35.67,29.49,-5.76
-0.59,-0.96,1.51,4.33,20.26,1.04,-35.67,29.49,-5.76
-0.70,-0.73,0.89,4.33,20.26,1.04,-35.67,29.49,-5.76
-0.67,-0.67,0.73,2.62,61.71,15.87,-35.67,29.49,-5.76
-0.67,-0.67,0.73,2.62,61.71,15.87,-35.67,29.49,-5.76
-0.68,-0.70,0.72,-21.73,53.96,20.81,-35.67,29.49,-5.76
-0.68,-0.70,0.72,-21.73,53.96,20.81,-35.67,29.49,-5.76
-0.61,-0.57,0.86,-34.30,55.60,25.45,-35.67,29.49,-5.76
-0.58,-0.47,0.63,-29.48,72.94,30.33,-35.67,29.49,-5.76
-0.58,-0.47,0.63,-29.48,72.94,30.33,-35.67,29.49,-5.76
-0.63,-0.42,0.45,-41.63,80.20,29.66,-34.51,30.81,-8.13
-0.63,-0.42,0.45,-41.63,80.20,29.66,-34.51,30.81,-8.13
-0.57,-0.40,0.46,-54.14,74.89,26.31,-34.51,30.81,-8.13
-0.57,-0.40,0.54,-57.25,65.43,18.98,-34.51,30.81,-8.13
-0.51,-0.33,0.54,-57.25,65.43,18.98,-34.51,30.81,-8.13
-0.47,-0.43,0.50,-54.14,62.32,6.29,-34.51,30.81,-8.13
-0.47,-0.43,0.50,-54.14,62.32,6.29,-34.51,30.81,-8.13
-0.46,-0.46,0.59,-57.86,56.58,-2.50,-34.51,30.81,-8.13
-0.46,-0.46,0.59,-57.62,51.70,-5.98,-34.51,30.81,-8.13
-0.43,-0.57,0.57,-57.62,51.70,-5.98,-34.51,30.81,-8.13
-0.36,-0.60,0.57,-48.52,46.69,-7.51,-32.73,30.15,-10.33
-0.36,-0.60,0.57,-48.52,46.69,-7.51,-32.73,30.15,-10.33
-0.33,-0.54,0.54,-39.49,40.77,-4.94,-32.73,30.15,-10.33
-0.33,-0.54,0.54,-39.49,40.77,-6.84,-32.73,30.15,-10.33
-0.31,-0.45,0.58,-36.44,34.18,-6.84,-32.73,30.15,-10.33
-0.27,-0.44,0.62,-45.17,28.26,-16.72,-32.73,30.15,-10.33
-0.27,-0.44,0.62,-45.17,28.26,-16.72,-32.73,30.15,-10.33
-0.30,-0.46,0.60,-62.74,25.82,-28.93,-32.73,30.15,-10.33
-0.30,-0.46,0.60,-62.74,25.82,-28.93,-32.73,30.15,-10.33
-0.32,-0.47,0.59,-75.13,21.85,-39.55,-32.73,30.15,-10.33
-0.32,-0.40,0.69,-90.88,17.27,-50.84,-31.96,26.66,-9.91
-0.31,-0.40,0.69,-90.88,17.27,-50.84,-31.96,26.66,-9.91
-0.35,-0.49,0.62,-114.07,21.91,-63.54,-31.96,26.66,-9.91
-0.35,-0.49,0.62,-114.07,21.91,-63.54,-31.96,26.66,-9.91
-0.32,-0.46,0.67,-138.73,18.74,-64.64,-31.96,26.66,-9.91
-0.32,-0.46,0.67,-151.00,14.53,-61.65,-31.96,26.66,-9.91
-0.36,-0.62,0.78,-151.00,14.53,-61.65,-31.96,26.66,-9.91
-0.41,-0.55,0.88,-126.28,19.29,-48.28,-31.96,26.66,-9.91
-0.41,-0.55,0.88,-126.28,19.29,-48.28,-31.96,26.66,-9.91
-0.57,-0.35,0.84,-101.44,33.08,-21.30,-31.96,26.66,-9.91
-0.57,-0.35,0.84,-101.44,35.03,-17.88,-31.87,22.42,-10.89
-0.61,-0.23,0.78,-88.32,35.03,-17.88,-31.87,22.42,-10.89
-0.60,-0.22,0.78,-66.77,31.80,-24.05,-31.87,22.42,-10.89
-0.60,-0.22,0.78,-66.77,31.80,-24.05,-31.87,22.42,-10.89
-0.54,-0.29,0.82,-46.81,29.30,-28.14,-31.87,22.42,-10.89
-0.54,-0.29,0.82,-46.81,29.30,-28.14,-31.87,22.42,-10.89
-0.53,-0.27,0.81,-30.40,28.44,-25.88,-31.87,22.42,-10.89
-0.50,-0.27,0.78,-18.92,26.18,-21.42,-31.87,22.42,-10.89
-0.49,-0.27,0.78,-18.92,26.18,-21.42,-31.87,22.42,-10.89
-0.50,-0.30,0.78,-9.64,19.23,-15.56,-31.87,22.42,-10.89
-0.50,-0.30,0.78,-9.64,19.23,-15.56,-31.53,21.37,-11.00
-0.56,-0.25,0.86,-7.87,9.28,-8.06,-31.53,21.37,-11.00
-0.56,-0.25,0.86,-7.75,2.38,-3.23,-31.53,21.37,-11.00
-0.55,-0.18,0.91,-7.75,2.38,-3.23,-31.53,21.37,-11.00
-0.55,-0.19,0.95,-10.13,0.61,-4.27,-31.53,21.37,-11.00
-0.55,-0.19,0.95,-10.13,0.61,-4.27,-31.53,21.37,-11.00
-0.55,-0.19,0.99,-14.22,1.89,-5.80,-31.53,21.37,-11.00
-0.55,-0.19,0.99,-14.22,7.39,-7.45,-31.53,21.37,-11.00
-0.53,-0.21,0.96,-16.11,7.39,-7.45,-31.53,21.37,-11.00
-0.47,-0.27,0.90,-13.92,13.12,-9.03,-31.53,21.37,-11.00
-0.47,-0.27,0.90,-13.92,13.12,-9.03,-31.71,20.78,-13.16
-0.46,-0.29,0.84,-8.12,16.42,-6.04,-31.71,20.78,-13.16
-0.46,-0.29,0.84,-8.12,16.42,-6.04,-31.71,20.78,-13.16
-0.51,-0.23,0.85,-5.55,18.62,-3.36,-31.71,20.78,-13.16
-0.53,-0.24,0.75,-3.42,22.40,-5.19,-31.71,20.78,-13.16
-0.53,-0.24,0.75,-3.42,22.40,-5.19,-31.71,20.78,-13.16
-0.51,-0.22,0.72,-4.46,17.76,-4.76,-31.71,20.78,-13.16
-0.51,-0.22,0.72,-4.46,17.76,-4.76,-31.71,20.78,-13.16
-0.49,-0.25,0.77,-9.34,9.95,-6.16,-31.71,20.78,-13.16
-0.49,-0.25,0.77,-8.67,7.39,-7.93,-31.71,20.78,-13.16
-0.46,-0.25,0.77,-8.67,7.39,-7.93,-30.76,19.89,-13.61
-0.47,-0.25,0.75,-6.71,5.49,-8.36,-30.76,19.89,-13.61
-0.47,-0.25,0.75,-6.71,5.49,-8.36,-30.76,19.89,-13.61
-0.46,-0.24,0.73,-4.64,1.83,-9.64,-30.76,19.89,-13.61
-0.46,-0.24,0.73,-2.56,-3.60,-11.35,-30.76,19.89,-13.61
-0.42,-0.27,0.78,-2.56,-3.60,-11.35,-30.76,19.89,-13.61
-0.42,-0.29,0.83,1.59,-5.31,-10.25,-30.76,19.89,-13.61
-0.42,-0.29,0.83,1.59,-5.31,-10.25,-30.76,19.89,-13.61
-0.45,-0.25,0.84,8.06,-2.50,-6.96,-30.76,19.89,-13.61
-0.45,-0.25,0.84,8.06,-2.50,-6.96,-30.76,19.89,-10.49
-0.47,-0.23,0.88,9.09,-0.92,-7.08,-30.85,19.58,-12.38
-0.46,-0.25,0.88,3.97,0.31,-9.95,-30.85,19.58,-12.38
-0.46,-0.25,0.88,3.97,0.31,-9.95,-30.85,19.58,-12.38
-0.48,-0.27,0.87,1.10,2.81,-12.27,-30.85,19.58,-12.38
-0.48,-0.27,0.87,1.10,2.81,-12.27,-30.85,19.58,-12.38
-0.48,-0.30,0.85,2.38,5.62,-13.24,-30.85,19.58,-12.38
-0.48,-0.30,0.85,4.76,7.20,-12.76,-30.85,19.58,-12.38
-0.46,-0.31,0.84,4.76,7.20,-12.76,-30.85,19.58,-12.38
-0.46,-0.29,0.80,9.28,7.57,-10.80,-30.85,19.58,-12.38
-0.46,-0.29,0.80,9.28,7.57,-10.80,-30.85,19.58,-12.38
-0.49,-0.26,0.80,11.66,5.37,-9.58,-30.05,18.41,-13.16
-0.49,-0.26,0.80,11.66,1.65,-10.99,-30.05,18.41,-13.16
-0.49,-0.25,0.83,9.03,1.65,-10.99,-30.05,18.41,-13.16
-0.48,-0.25,0.88,9.64,-0.24,-13.49,-30.05,18.41,-13.16
-0.48,-0.25,0.88,9.64,-0.24,-13.49,-30.05,18.41,-13.16
-0.48,-0.26,0.89,13.73,0.92,-14.40,-30.05,18.41,-13.16
-0.48,-0.26,0.89,13.73,0.92,-14.40,-30.05,18.41,-13.16
-0.46,-0.28,0.84,14.47,4.27,-15.32,-30.05,18.41,-13.16
-0.46,-0.29,0.81,9.64,4.46,-16.42,-30.05,18.41,-13.16
-0.46,-0.29,0.81,9.64,4.46,-16.42,-30.05,18.41,-13.16
-0.46,-0.29,0.82,4.39,2.20,-16.60,-30.40,18.21,-12.82
-0.46,-0.29,0.82,4.39,2.20,-16.60,-30.40,18.21,-12.82
-0.47,-0.27,0.81,3.05,0.24,-15.56,-30.40,18.21,-12.82
-0.47,-0.27,0.81,0.06,-1.95,-15.99,-30.40,18.21,-12.82
-0.47,-0.26,0.84,0.06,-1.95,-15.99,-30.40,18.21,-12.82
-0.48,-0.29,0.86,-0.92,-3.17,-16.97,-30.40,18.21,-12.82
-0.48,-0.29,0.86,-0.92,-3.17,-16.97,-30.40,18.21,-12.82
-0.47,-0.30,0.83,2.08,-1.89,-15.44,-30.40,18.21,-12.82
-0.47,-0.30,0.83,7.45,-1.10,-13.67,-30.40,18.21,-12.82
-0.49,-0.30,0.83,7.45,-1.10,-13.67,-30.40,18.21,-12.82
-0.49,-0.27,0.86,6.23,-2.20,-11.84,-30.03,16.94,-11.99
-0.49,-0.27,0.86,6.23,-2.20,-11.84,-30.03,16.94,-11.99
-0.49,-0.29,0.87,2.56,-2.50,-11.47,-30.03,16.94,-11.99
-0.49,-0.29,0.87,2.56,-2.50,-11.47,-30.03,16.94,-11.99
-0.49,-0.27,0.85,4.27,-0.73,-10.99,-30.03,16.94,-11.99
-0.49,-0.25,0.83,2.38,0.43,-10.44,-30.03,16.94,-11.99
-0.49,-0.25,0.83,2.38,0.43,-10.44,-30.03,16.94,-11.99
-0.49,-0.22,0.82,1.04,-0.06,-11.78,-30.03,16.94,-11.99
-0.49,-0.22,0.82,1.04,-0.06,-11.78,-30.03,16.94,-11.99
-0.49,-0.22,0.81,1.83,-1.10,-14.34,-30.03,16.94,-11.99
-0.49,-0.22,0.81,2.50,-2.62,-17.33,-30.30,16.50,-12.45
-0.48,-0.26,0.79,2.50,-2.62,-17.33,-30.30,16.50,-12.45
-0.49,-0.31,0.75,7.08,-4.58,-18.37,-30.30,16.50,-12.45
-0.49,-0.31,0.75,7.08,-4.58,-18.37,-30.30,16.50,-12.45
-0.48,-0.29,0.78,21.61,-6.35,-16.48,-30.30,16.50,-12.45
-0.48,-0.29,0.78,21.61,-6.35,-16.48,-30.30,16.50,-12.45
-0.49,-0.29,0.81,24.05,-9.09,-15.01,-30.30,16.50,-12.45
-0.49,-0.26,0.84,23.07,-11.11,-14.10,-30.30,16.50,-12.45
-0.49,-0.26,0.84,23.07,-11.11,-14.10,-30.30,16.50,-12.45
-0.53,-0.40,1.06,23.74,-9.64,-14.47,-30.30,16.50,-12.45
-0.53,-0.40,1.06,23.74,-9.64,-14.47,-30.48,15.95,-13.13
-0.47,-0.31,1.00,5.98,24.90,-10.50,-30.48,15.95,-13.13
-0.47,-0.31,1.00,40.53,52.67,-4.88,-30.48,15.95,-13.13
-0.52,-0.28,0.83,40.53,52.67,-4.88,-30.48,15.95,-13.13
-0.51,-0.28,0.83,18.92,43.76,-3.91,-30.48,15.95,-13.13
-0.51,-0.28,0.83,18.92,43.76,-3.91,-30.48,15.95,-13.13
-0.51,-0.38,0.86,14.22,39.31,-5.86,-30.48,15.95,-13.13
-0.51,-0.38,0.86,14.22,31.07,-3.42,-30.48,15.95,-13.13
-0.48,-0.35,0.82,14.34,31.07,-3.42,-30.48,15.95,-13.13
-0.47,-0.34,0.84,9.52,24.78,-2.20,-30.48,15.95,-13.13
-0.47,-0.34,0.84,9.52,24.78,-2.20,-29.30,15.82,-14.23
-0.47,-0.32,0.85,6.59,22.52,-1.77,-29.30,15.82,-14.23
-0.47,-0.32,0.85,6.59,22.52,-1.77,-29.30,15.82,-14.23
-0.45,-0.33,0.87,5.86,20.20,-1.53,-29.30,15.82,-14.23
-0.45,-0.29,0.86,8.42,16.60,-1.89,-29.30,15.82,-14.23
-0.45,-0.29,0.86,8.42,16.60,-1.89,-29.30,15.82,-14.23
-0.47,-0.32,0.82,5.25,15.01,-3.54,-29.30,15.82,-14.23
-0.47,-0.32,0.82,5.25,15.01,-3.54,-29.30,15.82,-14.23
-0.46,-0.33,0.82,4.64,13.18,-3.36,-29.30,15.82,-14.23
-0.46,-0.33,0.83,6.35,12.82,-2.08,-29.30,15.82,-14.23
-0.45,-0.34,0.83,6.35,12.82,-2.08,-29.30,16.98,-14.23
-0.46,-0.30,0.87,7.87,11.90,-0.37,-29.30,16.98,-14.23
-0.46,-0.30,0.87,7.87,11.90,-0.37,-29.30,16.98,-14.23
-0.38,-0.38,0.80,9.77,10.13,0.06,-29.30,16.98,-14.23
-0.38,-0.38,0.80,9.58,9.70,3.54,-29.30,16.98,-14.23
-0.44,-0.40,0.81,9.58,9.70,3.54,-29.30,16.98,-14.23
-0.44,-0.41,0.80,9.22,10.25,7.02,-29.30,16.98,-14.23
-0.44,-0.41,0.80,9.22,10.25,7.02,-29.30,16.98,-14.23
-0.45,-0.39,0.82,10.19,9.03,12.70,-29.30,16.98,-14.23
-0.45,-0.39,0.82,10.19,9.03,17.52,-29.30,16.98,-14.23
-0.44,-0.36,0.85,11.17,8.00,17.52,-29.26,17.08,-14.86
-0.44,-0.39,0.82,11.90,6.71,21.79,-29.26,17.08,-14.86
-0.44,-0.39,0.82,11.90,6.71,21.79,-29.26,17.08,-14.86
-0.42,-0.36,0.82,13.31,5.07,25.21,-29.26,17.08,-14.86
-0.42,-0.36,0.82,13.31,5.07,25.21,-29.26,17.08,-14.86
-0.43,-0.30,0.86,11.78,4.76,27.34,-29.26,17.08,-14.86
-0.43,-0.30,0.85,11.66,6.10,27.59,-29.26,17.08,-14.86
-0.44,-0.29,0.85,11.66,6.10,27.59,-29.26,17.08,-14.86
-0.43,-0.35,0.85,11.54,6.77,26.06,-29.26,17.08,-14.86
-0.43,-0.35,0.85,11.54,6.77,26.06,-29.26,17.08,-14.86
-0.40,-0.41,0.82,14.22,5.31,26.37,-29.36,18.09,-16.02
-0.40,-0.41,0.82,13.43,2.81,29.66,-29.36,18.09,-16.02
-0.42,-0.42,0.81,13.43,2.81,29.66,-29.36,18.09,-16.02
-0.43,-0.45,0.80,14.95,2.38,33.75,-29.36,18.09,-16.02
-0.43,-0.45,0.80,14.95,2.38,33.75,-29.36,18.09,-16.02
-0.43,-0.43,0.82,14.47,1.04,40.22,-29.36,18.09,-16.02
-0.43,-0.43,0.82,14.47,1.04,46.08,-29.36,18.09,-16.02
-0.43,-0.37,0.84,15.20,0.61,46.08,-29.36,18.09,-16.02
-0.46,-0.31,0.83,15.81,-0.18,49.13,-29.36,18.09,-16.02
-0.46,-0.31,0.83,15.81,-0.18,49.13,-29.36,18.09,-16.02
-0.45,-0.25,0.87,13.73,-0.79,48.16,-29.75,20.73,-16.27
-0.45,-0.25,0.87,13.73,-0.79,48.16,-29.75,20.73,-16.27
-0.47,-0.20,0.91,14.95,0.24,44.98,-29.75,20.73,-16.27
-0.43,-0.15,0.90,15.38,2.50,38.09,-29.75,20.73,-16.27
-0.43,-0.15,0.90,15.38,2.50,38.09,-29.75,20.73,-16.27
-0.42,-0.17,0.89,16.17,6.29,29.79,-29.75,20.73,-16.27
-0.42,-0.17,0.89,16.17,6.29,29.79,-29.75,20.73,-16.27
-0.43,-0.17,0.90,17.15,10.19,20.81,-29.75,20.73,-16.27
-0.43,-0.17,0.90,18.74,14.22,13.12,-29.75,20.73,-16.27
-0.42,-0.21,0.90,18.74,14.22,13.12,-29.75,20.73,-16.27
-0.42,-0.31,0.83,19.35,17.58,7.32,-29.85,22.47,-16.92
-0.42,-0.31,0.83,19.35,17.58,7.32,-29.85,22.47,-16.92
-0.41,-0.35,0.85,21.00,20.08,5.80,-29.85,22.47,-16.92
-0.41,-0.35,0.85,21.00,21.36,4.82,-29.85,22.47,-16.92
-0.39,-0.40,0.85,21.12,21.36,4.82,-29.85,22.47,-16.92
-0.39,-0.38,0.84,21.42,21.55,5.25,-29.85,22.47,-16.92
-0.39,-0.38,0.84,21.42,21.55,5.25,-29.85,22.47,-16.92
-0.36,-0.40,0.85,19.41,20.81,5.49,-29.85,22.47,-16.92
-0.36,-0.40,0.85,19.41,20.81,5.49,-29.85,22.47,-16.92
-0.33,-0.40,0.84,20.51,21.55,6.77,-29.85,22.47,-16.92
-0.33,-0.40,0.84,21.06,22.58,7.75,-29.22,23.44,-17.16
-0.33,-0.40,0.84,21.06,22.58,7.75,-29.22,23.44,-17.16
-0.36,-0.38,0.85,21.18,22.52,8.12,-29.22,23.44,-17.16
-0.36,-0.38,0.85,21.18,22.52,8.12,-29.22,23.44,-17.16
-0.36,-0.39,0.85,20.63,22.09,7.14,-29.22,23.44,-17.16
-0.36,-0.39,0.85,19.41,22.16,6.23,-29.22,23.44,-17.16
-0.36,-0.37,0.85,19.41,22.16,6.23,-29.22,23.44,-17.16
-0.36,-0.41,0.87,19.59,23.62,5.37,-29.22,23.44,-17.16
-0.36,-0.41,0.87,19.59,23.62,5.37,-29.22,23.44,-17.16
-0.35,-0.40,0.85,21.48,25.82,5.25,-29.22,23.44,-17.16
-0.35,-0.40,0.85,21.48,26.12,4.52,-28.45,24.21,-17.47
-0.36,-0.43,0.85,21.06,26.12,4.52,-28.45,24.21,-17.47
-0.36,-0.42,0.85,19.29,24.84,3.78,-28.45,24.21,-17.47
-0.36,-0.42,0.85,19.29,24.84,3.78,-28.45,24.21,-17.47
-0.34,-0.44,0.83,15.75,22.40,1.89,-28.45,24.21,-17.47
-0.34,-0.44,0.83,15.75,22.40,1.89,-28.45,24.21,-17.47
-0.33,-0.44,0.84,13.55,20.87,1.59,-28.45,24.21,-17.47
-0.33,-0.46,0.84,12.08,19.90,1.53,-28.45,24.21,-17.47
-0.33,-0.46,0.84,12.08,19.90,1.53,-28.45,24.21,-17.47
-0.32,-0.45,0.83,8.79,17.70,0.92,-28.45,24.21,-18.65
-0.32,-0.45,0.83,8.79,17.70,0.92,-27.76,24.51,-18.65
-0.31,-0.46,0.81,8.91,16.85,2.32,-27.76,24.51,-18.65
-0.31,-0.46,0.87,11.41,17.94,5.98,-27.76,24.51,-18.65
-0.29,-0.43,0.87,11.41,17.94,5.98,-27.76,24.51,-18.65
-0.26,-0.40,0.88,13.18,18.43,6.96,-27.76,24.51,-18.65
-0.26,-0.40,0.88,13.18,18.43,6.96,-27.76,24.51,-18.65
-0.29,-0.41,0.85,15.20,21.30,6.10,-27.76,24.51,-18.65
-0.29,-0.41,0.85,15.38,22.71,5.55,-27.76,24.51,-18.65
-0.31,-0.46,0.86,15.38,22.71,5.55,-27.76,24.51,-18.65
-0.31,-0.45,0.84,13.92,21.30,5.19,-27.76,24.51,-19.14
-0.31,-0.45,0.84,13.92,21.30,5.19,-27.76,24.76,-19.14
-0.33,-0.43,0.84,11.23,19.78,5.37,-27.76,24.76,-19.14
-0.33,-0.43,0.84,11.23,19.78,5.92,-27.76,24.76,-19.14
-0.34,-0.48,0.83,13.06,20.39,5.92,-27.76,24.76,-19.14
-0.32,-0.45,0.84,18.98,22.52,8.48,-27.76,24.76,-19.14
-0.32,-0.45,0.84,18.98,22.52,8.48,-27.76,24.76,-19.14
-0.29,-0.44,0.83,23.56,24.78,11.11,-27.76,24.76,-19.14
-0.29,-0.44,0.83,23.56,24.78,11.11,-27.76,24.76,-19.14
-0.30,-0.47,0.84,23.80,24.84,11.84,-27.76,24.76,-19.14
-0.30,-0.44,0.86,19.23,21.79,10.50,-27.76,27.88,-20.41
-0.26,-0.46,0.86,19.23,21.79,10.50,-26.68,26.21,-20.41
-0.30,-0.47,0.86,12.33,17.76,7.57,-26.68,26.21,-20.41
-0.30,-0.47,0.86,12.33,17.76,7.57,-26.68,26.21,-20.41
-0.26,-0.45,0.83,7.75,14.65,5.68,-26.68,26.21,-20.41
-0.26,-0.45,0.83,4.88,13.55,4.76,-26.68,26.21,-20.41
-0.26,-0.47,0.83,4.88,13.55,4.76,-26.68,26.21,-20.41
-0.26,-0.47,0.84,6.65,14.59,5.43,-26.68,26.21,-20.41
-0.26,-0.47,0.84,6.65,14.59,5.43,-26.68,26.21,-20.41
-0.26,-0.47,0.85,7.63,16.48,6.53,-26.68,26.21,-20.41
-0.26,-0.47,0.85,7.63,16.48,7.39,-26.68,26.39,-20.79
-0.25,-0.47,0.85,9.77,18.25,7.39,-26.18,26.39,-20.79
-0.25,-0.48,0.83,10.19,19.10,9.03,-26.18,26.39,-20.79
-0.25,-0.48,0.83,10.19,19.10,9.03,-26.18,26.39,-20.79
-0.26,-0.49,0.83,11.05,19.47,10.56,-26.18,26.39,-20.79
-0.26,-0.49,0.83,11.05,19.47,10.56,-26.18,26.39,-20.79
-0.28,-0.47,0.86,10.80,19.10,11.47,-26.18,26.39,-20.79
-0.28,-0.48,0.82,10.74,18.49,11.72,-26.18,26.39,-20.79
-0.27,-0.48,0.82,10.74,18.49,11.72,-26.18,26.39,-20.79
-0.29,-0.48,0.85,10.07,17.27,11.78,-26.18,26.39,-20.79
-0.29,-0.48,0.85,10.07,17.27,11.78,-26.18,26.98,-20.78
-0.31,-0.48,0.84,10.74,16.11,11.84,-25.79,26.98,-20.78
-0.31,-0.48,0.84,10.01,15.20,11.72,-25.79,26.98,-20.78
-0.31,-0.46,0.83,10.01,15.20,11.72,-25.79,26.98,-20.78
-0.27,-0.44,0.89,10.50,16.05,10.01,-25.79,26.98,-20.78
-0.27,-0.44,0.89,10.50,16.05,10.01,-25.79,26.98,-20.78
-0.26,-0.48,0.83,15.44,18.07,8.54,-25.79,26.98,-20.78
-0.26,-0.48,0.83,15.44,19.10,8.79,-25.79,26.98,-20.78
-0.29,-0.49,0.83,16.54,19.10,8.79,-25.79,26.98,-20.78
-0.26,-0.50,0.83,17.21,18.25,9.46,-25.79,26.98,-20.78
-0.26,-0.50,0.83,17.21,18.25,9.46,-22.67,27.98,-21.73
-0.23,-0.47,0.85,16.17,17.15,9.89,-24.54,27.98,-21.73
-0.23,-0.47,0.85,16.17,17.15,9.89,-24.54,27.98,-21.73
-0.21,-0.46,0.85,16.05,18.68,9.40,-24.54,27.98,-21.73
-0.23,-0.50,0.81,19.53,22.16,8.67,-24.54,27.98,-21.73
-0.23,-0.50,0.81,19.53,22.16,8.67,-24.54,27.98,-21.73
-0.25,-0.49,0.85,21.55,24.05,9.22,-24.54,27.98,-21.73
-0.25,-0.49,0.85,21.55,24.05,9.22,-24.54,27.98,-21.73
-0.23,-0.50,0.82,22.09,23.80,9.95,-24.54,27.98,-21.73
-0.23,-0.50,0.82,21.30,22.77,9.83,-24.54,27.98,-21.73
-0.26,-0.47,0.83,21.30,22.77,9.83,-24.44,28.43,-23.79
-0.49,-0.65,0.60,15.99,28.75,-4.52,-24.44,28.43,-23.79
-0.49,-0.65,0.60,15.99,28.75,-4.52,-24.44,28.43,-23.79
-0.31,-0.48,0.79,16.78,37.05,-0.67,-24.44,28.43,-23.79
-0.31,-0.48,0.79,32.41,40.89,21.61,-24.44,28.43,-23.79
-0.16,-0.42,0.91,40.89,40.89,21.61,-24.44,28.43,-23.79
-0.08,-0.45,0.93,45.72,42.24,18.92,-24.44,28.43,-23.79
-0.08,-0.45,0.93,45.72,42.24,18.92,-24.44,28.43,-23.79
-0.08,-0.47,0.90,41.26,41.20,12.08,-24.44,28.43,-23.79
-0.08,-0.47,0.90,41.26,41.20,12.08,-24.44,28.43,-23.79
-0.08,-0.51,0.88,32.47,37.05,5.86,-22.56,29.76,-23.67
-0.13,-0.54,0.86,21.79,31.92,-1.16,-22.56,29.76,-23.67
-0.13,-0.54,0.86,21.79,31.92,-1.16,-22.56,29.76,-23.67
-0.15,-0.57,0.81,13.49,26.61,-3.91,-22.56,29.76,-23.67
-0.15,-0.57,0.81,13.49,26.61,-3.91,-22.56,29.76,-23.67
-0.16,-0.58,0.80,11.72,23.80,-1.04,-22.56,29.76,-23.67
-0.16,-0.58,0.79,15.87,24.72,2.99,-22.56,29.76,-23.67
-0.16,-0.57,0.79,15.87,24.72,2.99,-22.56,29.76,-23.67
-0.13,-0.55,0.81,22.95,27.34,9.40,-22.56,29.76,-23.67
-0.13,-0.55,0.81,22.95,27.34,9.40,-22.56,29.76,-23.67
-0.08,-0.51,0.83,34.85,35.28,14.83,-21.42,31.18,-23.68
-0.08,-0.51,0.83,44.13,41.69,17.27,-21.42,31.18,-23.68
-0.13,-0.60,0.80,44.13,41.69,17.27,-21.42,31.18,-23.68
-0.12,-0.61,0.78,45.35,40.89,18.98,-21.42,31.18,-23.68
-0.12,-0.61,0.78,45.35,40.89,18.98,-21.42,31.18,-23.68
-0.11,-0.58,0.84,38.64,37.90,17.52,-21.42,31.18,-23.68
-0.11,-0.58,0.84,38.64,37.90,15.50,-21.42,31.18,-23.68
-0.15,-0.58,0.82,34.18,32.59,15.50,-21.42,31.18,-23.68
-0.17,-0.55,0.81,25.63,28.20,12.39,-21.42,31.18,-23.68
-0.17,-0.55,0.81,25.63,28.20,12.39,-21.42,31.18,-23.68
-0.17,-0.60,0.82,8.12,24.17,4.58,-20.32,31.91,-24.80
-0.17,-0.60,0.82,8.12,24.17,4.58,-20.32,31.91,-24.80
-0.15,-0.63,0.82,-31.98,10.01,-11.29,-20.32,31.91,-24.80
-0.15,-0.55,0.87,-63.60,-10.74,-17.76,-20.32,31.91,-24.80
-0.10,-0.55,0.87,-63.60,-10.74,-17.76,-20.32,31.91,-24.80
-0.07,-0.50,0.88,-68.36,-20.08,-16.36,-20.32,31.91,-24.80
-0.07,-0.50,0.88,-68.36,-20.08,-16.36,-20.32,31.91,-24.80
-0.07,-0.47,0.85,-48.58,-13.18,-10.80,-20.32,31.91,-24.80
-0.07,-0.47,0.85,-18.43,6.53,-5.62,-20.32,31.91,-24.80
-0.10,-0.49,0.83,-18.43,6.53,-5.62,-20.32,31.91,-24.80
-0.14,-0.54,0.81,7.39,22.34,0.18,-20.43,30.13,-24.02
-0.14,-0.54,0.81,7.39,22.34,0.18,-20.43,30.13,-24.02
-0.15,-0.56,0.79,21.79,30.15,5.13,-20.43,30.13,-24.02
-0.15,-0.56,0.79,21.79,30.15,5.13,-20.43,30.13,-24.02
-0.15,-0.58,0.78,22.52,30.94,6.90,-20.43,30.13,-24.02
-0.08,-0.57,0.86,14.83,27.04,5.19,-20.43,30.13,-24.02
-0.08,-0.57,0.86,14.83,27.04,5.19,-20.43,30.13,-24.02
-0.07,-0.55,0.85,6.04,20.94,2.81,-20.43,30.13,-24.02
-0.07,-0.55,0.85,6.04,20.94,2.81,-20.43,30.13,-24.02
-0.08,-0.56,0.81,-1.10,15.50,0.37,-20.43,30.13,-24.02
-0.08,-0.56,0.81,-3.85,11.78,0.67,-20.43,30.13,-24.58
-0.06,-0.56,0.84,-3.85,11.78,0.67,-19.04,30.26,-24.58
-0.07,-0.58,0.81,-2.81,10.68,1.46,-19.04,30.26,-24.58
-0.07,-0.58,0.81,-2.81,10.68,1.46,-19.04,30.26,-24.58
-0.10,-0.56,0.81,-0.61,12.21,2.50,-19.04,30.26,-24.58
-0.10,-0.56,0.81,-0.61,12.21,2.50,-19.04,30.26,-24.58
-0.08,-0.59,0.80,2.14,13.49,4.33,-19.04,30.26,-24.58
-0.08,-0.59,0.84,4.15,14.59,6.47,-19.04,30.26,-24.58
-0.07,-0.56,0.84,4.15,14.59,6.47,-19.04,30.26,-24.58
-0.08,-0.58,0.81,5.00,15.38,7.08,-19.04,30.26,-24.58
-0.08,-0.58,0.81,5.00,15.38,7.08,-19.04,30.26,-24.58
-0.08,-0.56,0.82,4.76,15.50,8.36,-19.29,30.81,-25.96
-0.08,-0.56,0.82,4.76,15.93,9.46,-19.29,30.81,-25.96
-0.08,-0.55,0.82,4.33,15.93,9.46,-19.29,30.81,-25.96
-0.07,-0.55,0.82,6.84,18.37,9.09,-19.29,30.81,-25.96
-0.07,-0.55,0.82,6.84,18.37,9.09,-19.29,30.81,-25.96
-0.08,-0.56,0.83,8.73,21.00,8.18,-19.29,30.81,-25.96
-0.08,-0.56,0.83,8.73,21.00,8.18,-19.29,30.81,-25.96
-0.08,-0.56,0.83,8.91,21.18,7.75,-19.29,30.81,-25.96
-0.08,-0.56,0.83,7.14,20.69,6.53,-19.29,30.81,-25.96
-0.09,-0.54,0.84,7.14,20.69,6.53,-19.29,30.81,-25.96
-0.07,-0.56,0.83,6.71,20.32,6.35,-18.32,31.02,-26.57
-0.07,-0.56,0.83,6.71,20.32,6.35,-18.32,31.02,-26.57
-0.06,-0.53,0.83,7.08,19.41,8.18,-18.32,31.02,-26.57
-0.06,-0.53,0.83,7.08,19.17,8.06,-18.32,31.02,-26.57
-0.05,-0.52,0.83,6.04,19.17,8.06,-18.32,31.02,-26.57
-0.04,-0.58,0.79,7.14,19.78,7.93,-18.32,31.02,-26.57
-0.04,-0.58,0.79,7.14,19.78,7.93,-18.32,31.02,-26.57
-0.05,-0.54,0.85,6.47,20.26,8.79,-18.32,31.02,-26.57
-0.05,-0.54,0.85,6.47,20.26,8.79,-18.32,31.02,-26.57
-0.05,-0.58,0.79,7.69,21.55,8.91,-18.32,31.02,-26.57
-0.05,-0.52,0.84,6.84,21.97,9.70,-17.03,31.07,-26.71
-0.05,-0.52,0.84,6.84,21.97,9.70,-17.03,31.07,-26.71
-0.06,-0.59,0.82,6.59,22.28,9.52,-17.03,31.07,-26.71
-0.06,-0.59,0.82,6.59,22.28,9.52,-17.03,31.07,-26.71
-0.05,-0.53,0.84,6.29,22.40,9.83,-17.03,31.07,-26.71
-0.05,-0.53,0.84,6.29,22.40,8.67,-17.03,31.07,-26.71
-0.04,-0.54,0.83,5.55,22.83,8.67,-17.03,31.07,-26.71
-0.03,-0.54,0.84,8.30,23.80,6.84,-17.03,31.07,-26.71
-0.03,-0.54,0.84,8.30,23.80,6.84,-17.03,31.07,-26.71
-0.02,-0.56,0.85,11.41,25.94,5.86,-17.03,31.07,-26.71
-0.02,-0.56,0.85,11.41,25.94,5.86,-16.11,31.62,-27.56
-0.06,-0.61,0.83,-12.21,9.64,-4.88,-16.11,31.62,-27.56
-0.04,-0.57,0.82,-18.92,5.62,-9.34,-16.11,31.62,-27.56
-0.04,-0.57,0.82,-18.92,5.62,-9.34,-16.11,31.62,-27.56
-0.00,-0.60,0.83,-17.15,6.23,-6.71,-16.11,31.62,-27.56
-0.00,-0.60,0.83,-17.15,6.23,-6.71,-16.11,31.62,-27.56
-0.01,-0.53,0.86,-17.88,5.62,-4.33,-15.98,30.66,-27.15
-0.01,-0.53,0.86,-17.88,8.54,-6.04,-15.98,30.66,-27.15
-0.01,-0.55,0.83,-16.30,8.54,-6.04,-15.98,30.66,-27.15
-0.02,-0.55,0.89,-17.33,10.13,-3.78,-15.98,30.66,-27.15
-0.02,-0.55,0.89,-17.33,10.13,-3.78,-15.98,30.66,-27.15
-0.02,-0.53,0.90,-11.72,12.70,-0.79,-15.98,30.66,-27.15
-0.02,-0.53,0.90,-11.72,12.70,-0.79,-15.98,30.66,-27.15
-0.01,-0.55,0.84,-2.93,9.03,-9.03,-15.22,30.43,-26.82
-0.01,-0.55,0.84,-2.93,9.03,-8.73,-15.22,30.43,-26.82
-0.02,-0.56,0.87,-4.58,8.36,-8.73,-15.22,30.43,-26.82
-0.02,-0.57,0.86,-0.12,11.90,-6.23,-15.22,30.43,-26.82
-0.02,-0.57,0.86,-0.12,11.90,-6.23,-15.22,30.43,-26.82
-0.01,-0.56,0.82,4.82,15.69,-4.39,-14.67,29.54,-26.56
-0.01,-0.56,0.82,4.82,15.69,-4.39,-14.67,29.54,-26.56
-0.01,-0.54,0.82,5.31,15.56,-3.17,-14.67,29.54,-26.56
-0.01,-0.54,0.81,3.54,13.61,-4.09,-14.67,29.54,-26.56
-0.00,-0.57,0.81,3.54,13.61,-4.09,-14.67,29.54,-26.56
-0.00,-0.54,0.82,-0.85,2.44,-5.55,-14.88,29.60,-27.05
-0.00,-0.54,0.82,-0.85,2.44,-5.55,-14.88,29.60,-27.05
-0.01,-0.54,0.83,-3.42,0.73,-4.64,-14.88,29.60,-27.05
-0.01,-0.54,0.83,-3.42,0.73,-4.64,-14.88,29.60,-27.05
-0.01,-0.54,0.83,-1.46,0.79,-5.25,-14.88,29.60,-27.05
-0.01,-0.54,0.83,-2.38,0.67,-5.68,-14.88,29.60,-27.05
-0.01,-0.54,0.86,-2.38,0.67,-5.68,-14.88,29.60,-27.05
